run_id,agent,seed,temperature,tau,sigma,ppo_train_seed,episodes,recall,precision,detections_per_joule,false_alarms,coverage,time_to_first_detection,ece,signed_calibration_error,accuracy,pool_split
lawnmower__s0__T0.3__tau0.75__sig0.75,lawnmower,0,0.3,0.75,0.75,,20,0.35507762177664814,0.2523649187406109,0.06994047619047566,130.05,0.390625,20.35,,,,shift
lawnmower__s0__T0.3__tau0.75__sig1.5,lawnmower,0,0.3,0.75,1.5,,20,0.36298288749331403,0.34313274935260896,0.10244360902255564,122.3,0.390625,10.15,,,,shift
lawnmower__s0__T0.3__tau0.75__sig3,lawnmower,0,0.3,0.75,3.0,,20,0.36627095572270874,0.371539442559231,0.11317355889724226,118.4,0.390625,5.55,,,,shift
lawnmower__s1__T0.3__tau0.75__sig0.75,lawnmower,1,0.3,0.75,0.75,,20,0.33051659602173394,0.22253269604761158,0.06007205513784416,131.85,0.390625,17.45,,,,shift
lawnmower__s1__T0.3__tau0.75__sig1.5,lawnmower,1,0.3,0.75,1.5,,20,0.33754404430051016,0.30582249620250745,0.08811090225563843,124.55,0.390625,10.4,,,,shift
lawnmower__s1__T0.3__tau0.75__sig3,lawnmower,1,0.3,0.75,3.0,,20,0.35257316654219845,0.33718710507587596,0.09946741854636519,121.8,0.390625,9.25,,,,shift
lawnmower__s2__T0.3__tau0.75__sig0.75,lawnmower,2,0.3,0.75,0.75,,20,0.38155822865144323,0.2539090846628749,0.07166353383458593,130.9,0.390625,18.9,,,,shift
lawnmower__s2__T0.3__tau0.75__sig1.5,lawnmower,2,0.3,0.75,1.5,,20,0.3771372224255721,0.3434503664243933,0.10119047619047543,120.6,0.390625,9.1,,,,shift
lawnmower__s2__T0.3__tau0.75__sig3,lawnmower,2,0.3,0.75,3.0,,20,0.3969503245471143,0.3774593195989323,0.11458333333333248,118.4,0.390625,6.35,,,,shift
lawnmower__s3__T0.3__tau0.75__sig0.75,lawnmower,3,0.3,0.75,0.75,,20,0.3579574381023628,0.2413997520441089,0.06790413533834537,132.7,0.390625,14.2,,,,shift
lawnmower__s3__T0.3__tau0.75__sig1.5,lawnmower,3,0.3,0.75,1.5,,20,0.35533047881442614,0.3219672455389223,0.09500313283207949,125.15,0.390625,6.7,,,,shift
lawnmower__s3__T0.3__tau0.75__sig3,lawnmower,3,0.3,0.75,3.0,,20,0.37022271542408297,0.3541148653709167,0.10628132832080124,121.55,0.390625,3.05,,,,shift
lawnmower__s4__T0.3__tau0.75__sig0.75,lawnmower,4,0.3,0.75,0.75,,20,0.31202658591444216,0.21552118389519087,0.057330827067668746,131.15,0.390625,12.1,,,,shift
lawnmower__s4__T0.3__tau0.75__sig1.5,lawnmower,4,0.3,0.75,1.5,,20,0.33149225671761157,0.3082486343099749,0.08818922305764344,122.95,0.390625,9.75,,,,shift
lawnmower__s4__T0.3__tau0.75__sig3,lawnmower,4,0.3,0.75,3.0,,20,0.3495517972747025,0.3464911462120726,0.10260025062656564,120.0,0.390625,7.65,,,,shift
lawnmower__s0__T0.5__tau0.75__sig0.75,lawnmower,0,0.5,0.75,0.75,,20,0.35330897291326757,0.2596275389013195,0.06962719298245562,124.3,0.390625,20.35,,,,shift
lawnmower__s0__T0.5__tau0.75__sig1.5,lawnmower,0,0.5,0.75,1.5,,20,0.36155954647537125,0.3518666304861104,0.10205200501253057,116.9,0.390625,10.15,,,,shift
lawnmower__s0__T0.5__tau0.75__sig3,lawnmower,0,0.5,0.75,3.0,,20,0.3634708915737342,0.37993419777021203,0.11231203007518713,113.05,0.390625,5.55,,,,shift
lawnmower__s1__T0.5__tau0.75__sig0.75,lawnmower,1,0.5,0.75,0.75,,20,0.32965730100930163,0.23240693050185998,0.05991541353383414,124.1,0.390625,17.45,,,,shift
lawnmower__s1__T0.5__tau0.75__sig1.5,lawnmower,1,0.5,0.75,1.5,,20,0.33448124864549766,0.3163364187406198,0.08732769423558832,117.4,0.390625,10.4,,,,shift
lawnmower__s1__T0.5__tau0.75__sig3,lawnmower,1,0.5,0.75,3.0,,20,0.3484246022581853,0.3466931683930972,0.09829260651628999,115.05,0.390625,9.25,,,,shift
lawnmower__s2__T0.5__tau0.75__sig0.75,lawnmower,2,0.5,0.75,0.75,,20,0.37735034287136504,0.25986341865176255,0.07088032581453581,125.6,0.390625,19.7,,,,shift
lawnmower__s2__T0.5__tau0.75__sig1.5,lawnmower,2,0.5,0.75,1.5,,20,0.3744762264591559,0.351655802499998,0.1004072681704253,115.45,0.390625,9.1,,,,shift
lawnmower__s2__T0.5__tau0.75__sig3,lawnmower,2,0.5,0.75,3.0,,20,0.39227730013385154,0.38416748694030456,0.11317355889724226,113.7,0.390625,6.35,,,,shift
lawnmower__s3__T0.5__tau0.75__sig0.75,lawnmower,3,0.5,0.75,0.75,,20,0.3562884436154828,0.2503784565488453,0.06759085213032533,125.9,0.390625,14.2,,,,shift
lawnmower__s3__T0.5__tau0.75__sig1.5,lawnmower,3,0.5,0.75,1.5,,20,0.35389199283169126,0.3327573510105367,0.09461152882205444,118.65,0.390625,6.7,,,,shift
lawnmower__s3__T0.5__tau0.75__sig3,lawnmower,3,0.5,0.75,3.0,,20,0.36678165129165025,0.3636461740060808,0.10526315789473606,115.35,0.390625,3.05,,,,shift
lawnmower__s4__T0.5__tau0.75__sig0.75,lawnmower,4,0.5,0.75,0.75,,20,0.308667536201367,0.22363199792452662,0.05670426065162866,123.55,0.390625,12.1,,,,shift
lawnmower__s4__T0.5__tau0.75__sig1.5,lawnmower,4,0.5,0.75,1.5,,20,0.3294467641833395,0.3181651154276055,0.08764097744360835,116.45,0.390625,9.75,,,,shift
lawnmower__s4__T0.5__tau0.75__sig3,lawnmower,4,0.5,0.75,3.0,,20,0.3462933803059927,0.358283966332393,0.10166040100250551,112.65,0.390625,7.65,,,,shift
lawnmower__s0__T1__tau0.75__sig0.75,lawnmower,0,1.0,0.75,0.75,,20,0.33987193724585746,0.2800174657433309,0.06696428571428523,107.75,0.390625,20.35,,,,shift
lawnmower__s0__T1__tau0.75__sig1.5,lawnmower,0,1.0,0.75,1.5,,20,0.34842191540680756,0.3763702046710467,0.09829260651628999,101.2,0.390625,10.25,,,,shift
lawnmower__s0__T1__tau0.75__sig3,lawnmower,0,1.0,0.75,3.0,,20,0.35106607918385996,0.40373244859680774,0.10855263157894657,98.75,0.390625,5.8,,,,shift
lawnmower__s1__T1__tau0.75__sig0.75,lawnmower,1,1.0,0.75,0.75,,20,0.31796659408569944,0.2507050082110355,0.05780075187969882,108.15,0.390625,19.75,,,,shift
lawnmower__s1__T1__tau0.75__sig1.5,lawnmower,1,1.0,0.75,1.5,,20,0.3218450742345139,0.3370659920529158,0.08411654135338283,102.55,0.390625,10.4,,,,shift
lawnmower__s1__T1__tau0.75__sig3,lawnmower,1,1.0,0.75,3.0,,20,0.3336675774908274,0.36745165444831773,0.09414160401002435,100.25,0.390625,9.25,,,,shift
lawnmower__s2__T1__tau0.75__sig0.75,lawnmower,2,1.0,0.75,0.75,,20,0.36354860319420956,0.27796790385442016,0.0682174185463654,110.0,0.390625,19.7,,,,shift
lawnmower__s2__T1__tau0.75__sig1.5,lawnmower,2,1.0,0.75,1.5,,20,0.3612953964497002,0.3727608834954407,0.09696115288220479,101.45,0.390625,9.3,,,,shift
lawnmower__s2__T1__tau0.75__sig3,lawnmower,2,1.0,0.75,3.0,,20,0.38106763354501505,0.4074885291517896,0.10972744360902173,99.85,0.390625,7.1,,,,shift
lawnmower__s3__T1__tau0.75__sig0.75,lawnmower,3,1.0,0.75,0.75,,20,0.3441251766196808,0.27012580105604794,0.06531954887217996,109.5,0.390625,15.35,,,,shift
lawnmower__s3__T1__tau0.75__sig1.5,lawnmower,3,1.0,0.75,1.5,,20,0.34276117403324263,0.3559090425339537,0.09163533834586399,103.4,0.390625,6.7,,,,shift
lawnmower__s3__T1__tau0.75__sig3,lawnmower,3,1.0,0.75,3.0,,20,0.3534755098949637,0.38659029724271415,0.10134711779448544,100.4,0.390625,3.85,,,,shift
lawnmower__s4__T1__tau0.75__sig0.75,lawnmower,4,1.0,0.75,0.75,,20,0.2962940942281815,0.24117377584359714,0.054432957393483306,107.15,0.390625,14.0,,,,shift
lawnmower__s4__T1__tau0.75__sig1.5,lawnmower,4,1.0,0.75,1.5,,20,0.31703638665964246,0.3389861128374218,0.08427318295739285,101.5,0.390625,9.85,,,,shift
lawnmower__s4__T1__tau0.75__sig3,lawnmower,4,1.0,0.75,3.0,,20,0.3350294718773557,0.38339473684782216,0.09813596491227997,97.5,0.390625,7.75,,,,shift
lawnmower__s0__T2__tau0.75__sig0.75,lawnmower,0,2.0,0.75,0.75,,20,0.319547613366258,0.31130860992692927,0.06304824561403462,86.85,0.390625,20.4,,,,shift
lawnmower__s0__T2__tau0.75__sig1.5,lawnmower,0,2.0,0.75,1.5,,20,0.3264803206292811,0.41092394082248784,0.09218358395989905,81.55,0.390625,10.3,,,,shift
lawnmower__s0__T2__tau0.75__sig3,lawnmower,0,2.0,0.75,3.0,,20,0.3312585820047341,0.44327545173546146,0.10244360902255563,78.8,0.390625,7.45,,,,shift
lawnmower__s1__T2__tau0.75__sig0.75,lawnmower,1,2.0,0.75,0.75,,20,0.2972293664881139,0.28012196153866026,0.05404135338345824,86.85,0.390625,19.75,,,,shift
lawnmower__s1__T2__tau0.75__sig1.5,lawnmower,1,2.0,0.75,1.5,,20,0.2987834155040243,0.36915341092051546,0.0780858395989969,82.3,0.390625,10.4,,,,shift
lawnmower__s1__T2__tau0.75__sig3,lawnmower,1,2.0,0.75,3.0,,20,0.3104853716924346,0.40472918401461533,0.08764097744360837,79.4,0.390625,10.6,,,,shift
lawnmower__s2__T2__tau0.75__sig0.75,lawnmower,2,2.0,0.75,0.75,,20,0.3382922718344129,0.30384648997840824,0.06336152882205466,90.1,0.390625,19.75,,,,shift
lawnmower__s2__T2__tau0.75__sig1.5,lawnmower,2,2.0,0.75,1.5,,20,0.3331331828162328,0.4007018969167021,0.08912907268170359,82.95,0.390625,9.4,,,,shift
lawnmower__s2__T2__tau0.75__sig3,lawnmower,2,2.0,0.75,3.0,,20,0.3522563542250482,0.43573880591939884,0.10142543859649047,81.95,0.390625,7.65,,,,shift
lawnmower__s3__T2__tau0.75__sig0.75,lawnmower,3,2.0,0.75,0.75,,20,0.3204938052287221,0.29845239501809084,0.06077694235588928,87.9,0.390625,18.1,,,,shift
lawnmower__s3__T2__tau0.75__sig1.5,lawnmower,3,2.0,0.75,1.5,,20,0.31759501661832845,0.387204272453921,0.08474310776942293,83.2,0.390625,7.45,,,,shift
lawnmower__s3__T2__tau0.75__sig3,lawnmower,3,2.0,0.75,3.0,,20,0.3275464467947417,0.4204499689336136,0.09382832080200432,80.6,0.390625,3.95,,,,shift
lawnmower__s4__T2__tau0.75__sig0.75,lawnmower,4,2.0,0.75,0.75,,20,0.27466532866538496,0.26769083194222565,0.05036027568922269,86.25,0.390625,14.6,,,,shift
lawnmower__s4__T2__tau0.75__sig1.5,lawnmower,4,2.0,0.75,1.5,,20,0.295196332833149,0.37110744355218567,0.07839912280701697,82.2,0.390625,10.05,,,,shift
lawnmower__s4__T2__tau0.75__sig3,lawnmower,4,2.0,0.75,3.0,,20,0.31398054539622805,0.41996965130926317,0.09171365914786898,78.3,0.390625,7.75,,,,shift
lawnmower__s0__T3__tau0.75__sig0.75,lawnmower,0,3.0,0.75,0.75,,20,0.29410269991271293,0.34923464157274003,0.05803571428571386,67.4,0.390625,20.45,,,,shift
lawnmower__s0__T3__tau0.75__sig1.5,lawnmower,0,3.0,0.75,1.5,,20,0.30226605391447914,0.4532804190963165,0.08529135338345802,63.35,0.390625,10.4,,,,shift
lawnmower__s0__T3__tau0.75__sig3,lawnmower,0,3.0,0.75,3.0,,20,0.30434614651437714,0.483545422808893,0.09406328320801936,61.3,0.390625,7.55,,,,shift
lawnmower__s1__T3__tau0.75__sig0.75,lawnmower,1,3.0,0.75,0.75,,20,0.27517575493555546,0.31894894930044443,0.050046992481202646,66.6,0.390625,20.25,,,,shift
lawnmower__s1__T3__tau0.75__sig1.5,lawnmower,1,3.0,0.75,1.5,,20,0.28006159300602373,0.4153811891121257,0.07322994987468617,63.1,0.390625,10.8,,,,shift
lawnmower__s1__T3__tau0.75__sig3,lawnmower,1,3.0,0.75,3.0,,20,0.28893676952457314,0.45160853168865317,0.08137531328320742,60.75,0.390625,10.9,,,,shift
lawnmower__s2__T3__tau0.75__sig0.75,lawnmower,2,3.0,0.75,0.75,,20,0.3101079449248699,0.3399301862704853,0.057957393483708854,69.6,0.390625,19.75,,,,shift
lawnmower__s2__T3__tau0.75__sig1.5,lawnmower,2,3.0,0.75,1.5,,20,0.3039710298050181,0.44187622852387054,0.0812969924812024,63.55,0.390625,16.0,,,,shift
lawnmower__s2__T3__tau0.75__sig3,lawnmower,2,3.0,0.75,3.0,,20,0.32161538120980165,0.47297778750257,0.09257518796992413,64.1,0.390625,8.0,,,,shift
lawnmower__s3__T3__tau0.75__sig0.75,lawnmower,3,3.0,0.75,0.75,,20,0.29912125966007064,0.3406786048411174,0.056939223057643686,67.2,0.390625,18.1,,,,shift
lawnmower__s3__T3__tau0.75__sig1.5,lawnmower,3,3.0,0.75,1.5,,20,0.29220881627439466,0.43262103520827394,0.0780075187969919,63.25,0.390625,8.2,,,,shift
lawnmower__s3__T3__tau0.75__sig3,lawnmower,3,3.0,0.75,3.0,,20,0.3010796440453697,0.46502223003287835,0.08630952380952317,61.55,0.390625,4.7,,,,shift
lawnmower__s4__T3__tau0.75__sig0.75,lawnmower,4,3.0,0.75,0.75,,20,0.25535151615458657,0.30639112168015553,0.04683583959899715,66.1,0.390625,14.6,,,,shift
lawnmower__s4__T3__tau0.75__sig1.5,lawnmower,4,3.0,0.75,1.5,,20,0.26996043172529405,0.41173200671644683,0.072055137844611,62.9,0.390625,10.25,,,,shift
lawnmower__s4__T3__tau0.75__sig3,lawnmower,4,3.0,0.75,3.0,,20,0.28738451607483706,0.459901634683993,0.0839598997493728,60.5,0.390625,7.75,,,,shift
lawnmower__s0__T4__tau0.75__sig0.75,lawnmower,0,4.0,0.75,0.75,,20,0.2682103076473711,0.4102528327650834,0.05302318295739309,47.1,0.390625,20.5,,,,shift
lawnmower__s0__T4__tau0.75__sig1.5,lawnmower,0,4.0,0.75,1.5,,20,0.2777892585508421,0.5203260465063776,0.07832080200501193,44.3,0.390625,11.35,,,,shift
lawnmower__s0__T4__tau0.75__sig3,lawnmower,0,4.0,0.75,3.0,,20,0.2774200845168568,0.5446159310137137,0.08591791979949812,43.35,0.390625,9.2,,,,shift
lawnmower__s1__T4__tau0.75__sig0.75,lawnmower,1,4.0,0.75,0.75,,20,0.2546056605594626,0.39192376930074546,0.04613095238095204,44.25,0.390625,22.2,,,,shift
lawnmower__s1__T4__tau0.75__sig1.5,lawnmower,1,4.0,0.75,1.5,,20,0.2594625594263249,0.49356704149639147,0.06774749373433533,42.1,0.390625,11.35,,,,shift
lawnmower__s1__T4__tau0.75__sig3,lawnmower,1,4.0,0.75,3.0,,20,0.2680390363180969,0.531540376011351,0.0754229323308265,40.4,0.390625,11.25,,,,shift
lawnmower__s2__T4__tau0.75__sig0.75,lawnmower,2,4.0,0.75,0.75,,20,0.28441805433429607,0.40158128275374505,0.053336466165413134,48.95,0.390625,26.15,,,,shift
lawnmower__s2__T4__tau0.75__sig1.5,lawnmower,2,4.0,0.75,1.5,,20,0.2787339617347496,0.5087598225916541,0.07495300751879644,44.4,0.390625,16.7,,,,shift
lawnmower__s2__T4__tau0.75__sig3,lawnmower,2,4.0,0.75,3.0,,20,0.2945066232553847,0.5423832765884725,0.08497807017543797,44.35,0.390625,8.1,,,,shift
lawnmower__s3__T4__tau0.75__sig0.75,lawnmower,3,4.0,0.75,0.75,,20,0.2737991922891054,0.40221171368759495,0.05223997493734298,46.95,0.390625,19.95,,,,shift
lawnmower__s3__T4__tau0.75__sig1.5,lawnmower,3,4.0,0.75,1.5,,20,0.2688190874851745,0.49908247600132355,0.07166353383458593,44.2,0.390625,8.8,,,,shift
lawnmower__s3__T4__tau0.75__sig3,lawnmower,3,4.0,0.75,3.0,,20,0.27259618663748364,0.525241887031564,0.0780075187969919,43.55,0.390625,6.45,,,,shift
lawnmower__s4__T4__tau0.75__sig0.75,lawnmower,4,4.0,0.75,0.75,,20,0.23135421129561307,0.3598628012017226,0.04237155388471146,46.85,0.390625,15.7,,,,shift
lawnmower__s4__T4__tau0.75__sig1.5,lawnmower,4,4.0,0.75,1.5,,20,0.24463249982624805,0.47155584876975043,0.06508458646616491,44.2,0.390625,10.85,,,,shift
lawnmower__s4__T4__tau0.75__sig3,lawnmower,4,4.0,0.75,3.0,,20,0.26028205519430575,0.5189327006583513,0.07589285714285658,42.85,0.390625,7.9,,,,shift
random__s0__T0.3__tau0.75__sig0.75,random,0,0.3,0.75,0.75,,20,0.14553801400628857,0.1821082347172273,0.027535151058585682,76.9,0.161083984375,44.25,,,,shift
random__s0__T0.3__tau0.75__sig1.5,random,0,0.3,0.75,1.5,,20,0.14950601082953402,0.2625494492000198,0.04138390687527881,71.6,0.161083984375,11.05,,,,shift
random__s0__T0.3__tau0.75__sig3,random,0,0.3,0.75,3.0,,20,0.1436521022108693,0.28063865080753897,0.044360737585007984,70.2,0.161083984375,7.05,,,,shift
random__s1__T0.3__tau0.75__sig0.75,random,1,0.3,0.75,0.75,,20,0.15594298061691414,0.18057160201433947,0.027223686755183902,78.4,0.168359375,53.25,,,,shift
random__s1__T0.3__tau0.75__sig1.5,random,1,0.3,0.75,1.5,,20,0.1534022719173454,0.2506492340206362,0.03895747416980768,74.25,0.168359375,34.15,,,,shift
random__s1__T0.3__tau0.75__sig3,random,1,0.3,0.75,3.0,,20,0.1578868773589142,0.2831030265667128,0.04404073175887914,71.55,0.168359375,4.2,,,,shift
random__s2__T0.3__tau0.75__sig0.75,random,2,0.3,0.75,0.75,,20,0.16005660012016315,0.1876146845061516,0.029331185780283618,78.5,0.16845703125,26.4,,,,shift
random__s2__T0.3__tau0.75__sig1.5,random,2,0.3,0.75,1.5,,20,0.17256095943087818,0.27320534045200623,0.044896578846594884,73.55,0.16845703125,14.25,,,,shift
random__s2__T0.3__tau0.75__sig3,random,2,0.3,0.75,3.0,,20,0.17928217609536504,0.3033404541196706,0.05084113796313959,71.8,0.16845703125,8.1,,,,shift
random__s3__T0.3__tau0.75__sig0.75,random,3,0.3,0.75,0.75,,20,0.1340328181136396,0.16550032330669756,0.025027988106876686,77.6,0.162451171875,42.35,,,,shift
random__s3__T0.3__tau0.75__sig1.5,random,3,0.3,0.75,1.5,,20,0.1345758660315009,0.2280824251658823,0.03589973448943286,74.25,0.162451171875,27.0,,,,shift
random__s3__T0.3__tau0.75__sig3,random,3,0.3,0.75,3.0,,20,0.14133684069690575,0.25912461293344746,0.04090761717396146,72.2,0.162451171875,12.2,,,,shift
random__s4__T0.3__tau0.75__sig0.75,random,4,0.3,0.75,0.75,,20,0.17428862638125078,0.21353335758970177,0.03184957764288814,72.75,0.1625,36.75,,,,shift
random__s4__T0.3__tau0.75__sig1.5,random,4,0.3,0.75,1.5,,20,0.17986831058689554,0.3035343010010642,0.048046376364706836,67.25,0.1625,27.35,,,,shift
random__s4__T0.3__tau0.75__sig3,random,4,0.3,0.75,3.0,,20,0.17391933324049685,0.32172219837881516,0.051649409073628104,66.25,0.1625,13.75,,,,shift
random__s0__T0.5__tau0.75__sig0.75,random,0,0.5,0.75,0.75,,20,0.14553801400628857,0.19221694426943087,0.027535151058585682,72.0,0.161083984375,44.25,,,,shift
random__s0__T0.5__tau0.75__sig1.5,random,0,0.5,0.75,1.5,,20,0.14920480601025693,0.2736103726336264,0.04130565688380709,67.35,0.161083984375,11.05,,,,shift
random__s0__T0.5__tau0.75__sig3,random,0,0.5,0.75,3.0,,20,0.14217034369019393,0.29067015033068505,0.04389130706770324,66.05,0.161083984375,7.05,,,,shift
random__s1__T0.5__tau0.75__sig0.75,random,1,0.5,0.75,0.75,,20,0.15550438412568607,0.18740645004091952,0.027145422712606275,74.7,0.168359375,53.3,,,,shift
random__s1__T0.5__tau0.75__sig1.5,random,1,0.5,0.75,1.5,,20,0.1531115742429268,0.2598170957739895,0.03887921012723006,70.6,0.168359375,34.15,,,,shift
random__s1__T0.5__tau0.75__sig3,random,1,0.5,0.75,3.0,,20,0.15761215208418894,0.2936389547208341,0.04396258249050604,67.9,0.168359375,4.2,,,,shift
random__s2__T0.5__tau0.75__sig0.75,random,2,0.5,0.75,0.75,,20,0.15925180340347725,0.19407272505455947,0.029174796969144358,74.7,0.16845703125,26.4,,,,shift
random__s2__T0.5__tau0.75__sig1.5,random,2,0.5,0.75,1.5,,20,0.17100213432679365,0.28169947750975194,0.044505611336830495,69.8,0.16845703125,14.25,,,,shift
random__s2__T0.5__tau0.75__sig3,random,2,0.5,0.75,3.0,,20,0.17826237044046253,0.3129808066228689,0.050606444167371534,68.15,0.16845703125,8.1,,,,shift
random__s3__T0.5__tau0.75__sig0.75,random,3,0.5,0.75,0.75,,20,0.13370853033723656,0.17277370409449982,0.024949912199756126,73.5,0.162451171875,42.35,,,,shift
random__s3__T0.5__tau0.75__sig1.5,random,3,0.5,0.75,1.5,,20,0.13463340189105985,0.23891641131736105,0.035899814497905996,69.9,0.162451171875,27.0,,,,shift
random__s3__T0.5__tau0.75__sig3,random,3,0.5,0.75,3.0,,20,0.1405740111755058,0.26853848485643006,0.04067295905471655,68.1,0.162451171875,12.2,,,,shift
random__s4__T0.5__tau0.75__sig0.75,random,4,0.5,0.75,0.75,,20,0.17428862638125078,0.22405351660034656,0.03184957764288814,68.15,0.1625,36.75,,,,shift
random__s4__T0.5__tau0.75__sig1.5,random,4,0.5,0.75,1.5,,20,0.17951370065781752,0.3170175935593496,0.047968176047155246,62.7,0.1625,27.35,,,,shift
random__s4__T0.5__tau0.75__sig3,random,4,0.5,0.75,3.0,,20,0.17391933324049685,0.33427754663298426,0.051649409073628104,62.3,0.1625,13.75,,,,shift
random__s0__T1__tau0.75__sig0.75,random,0,1.0,0.75,0.75,,20,0.14219203247175866,0.193949235438516,0.02690922166926247,69.0,0.161083984375,44.3,,,,shift
random__s0__T1__tau0.75__sig1.5,random,0,1.0,0.75,1.5,,20,0.146115298083823,0.2773031389321079,0.0405231879862182,64.55,0.161083984375,12.45,,,,shift
random__s0__T1__tau0.75__sig3,random,0,1.0,0.75,3.0,,20,0.13985044727042478,0.29412676367394885,0.043187367408835234,63.6,0.161083984375,7.05,,,,shift
random__s1__T1__tau0.75__sig0.75,random,1,1.0,0.75,0.75,,20,0.15304067437825392,0.19113180270198055,0.026676148497450074,71.8,0.168359375,53.3,,,,shift
random__s1__T1__tau0.75__sig1.5,random,1,1.0,0.75,1.5,,20,0.15095173225949401,0.26394914695684246,0.038253641973067944,68.0,0.168359375,34.15,,,,shift
random__s1__T1__tau0.75__sig3,random,1,1.0,0.75,3.0,,20,0.15585493908710488,0.29818633000901035,0.04349315621660052,65.5,0.168359375,4.2,,,,shift
random__s2__T1__tau0.75__sig0.75,random,2,1.0,0.75,0.75,,20,0.15763978610243032,0.19820716588760928,0.028862051906616136,71.85,0.16845703125,26.4,,,,shift
random__s2__T1__tau0.75__sig1.5,random,2,1.0,0.75,1.5,,20,0.16724810497653797,0.2844969206901785,0.043645435526318235,67.2,0.16845703125,14.25,,,,shift
random__s2__T1__tau0.75__sig3,random,2,1.0,0.75,3.0,,20,0.1755961143877876,0.3169666633119005,0.049902491140922066,65.55,0.16845703125,8.1,,,,shift
random__s3__T1__tau0.75__sig0.75,random,3,1.0,0.75,0.75,,20,0.13054011029713422,0.1745287788720959,0.02440264337709378,71.05,0.162451171875,42.4,,,,shift
random__s3__T1__tau0.75__sig1.5,random,3,1.0,0.75,1.5,,20,0.13217505073174943,0.2409559852261037,0.03527432016835293,67.6,0.162451171875,27.0,,,,shift
random__s3__T1__tau0.75__sig3,random,3,1.0,0.75,3.0,,20,0.13943490182863352,0.27173066352482445,0.040360305355269036,66.35,0.162451171875,12.25,,,,shift
random__s4__T1__tau0.75__sig0.75,random,4,1.0,0.75,0.75,,20,0.1732988304628834,0.2276229304399992,0.03169308218606112,66.5,0.1625,36.75,,,,shift
random__s4__T1__tau0.75__sig1.5,random,4,1.0,0.75,1.5,,20,0.1781122347021752,0.3218152023873474,0.04757698084097768,60.9,0.1625,29.1,,,,shift
random__s4__T1__tau0.75__sig3,random,4,1.0,0.75,3.0,,20,0.1723217742021858,0.3398239914781374,0.05117943508351604,60.35,0.1625,15.9,,,,shift
random__s0__T2__tau0.75__sig0.75,random,0,2.0,0.75,0.75,,20,0.13919427421736025,0.19054004494779,0.026283244843989445,69.55,0.161083984375,44.55,,,,shift
random__s0__T2__tau0.75__sig1.5,random,0,2.0,0.75,1.5,,20,0.143802329956483,0.2738267655154302,0.03989763592534128,65.1,0.161083984375,12.75,,,,shift
random__s0__T2__tau0.75__sig3,random,0,2.0,0.75,3.0,,20,0.13742166423302,0.28917094909753416,0.04240509440963085,64.2,0.161083984375,8.6,,,,shift
random__s1__T2__tau0.75__sig0.75,random,1,2.0,0.75,0.75,,20,0.147480135342788,0.18616702235747287,0.025737581482906825,71.7,0.168359375,53.4,,,,shift
random__s1__T2__tau0.75__sig1.5,random,1,2.0,0.75,1.5,,20,0.14631629225297216,0.2581577592147189,0.037002485568121246,67.85,0.168359375,34.15,,,,shift
random__s1__T2__tau0.75__sig3,random,1,2.0,0.75,3.0,,20,0.15057452685440428,0.29163020375391124,0.042084972395184134,65.5,0.168359375,4.5,,,,shift
random__s2__T2__tau0.75__sig0.75,random,2,2.0,0.75,0.75,,20,0.15195720395890117,0.19020076784755938,0.027767142870254485,73.55,0.16845703125,27.75,,,,shift
random__s2__T2__tau0.75__sig1.5,random,2,2.0,0.75,1.5,,20,0.1646922757471198,0.2784675047020743,0.04286329966319711,68.7,0.16845703125,14.8,,,,shift
random__s2__T2__tau0.75__sig3,random,2,2.0,0.75,3.0,,20,0.16931903405054383,0.30618792319228794,0.048103578851633244,66.9,0.16845703125,8.1,,,,shift
random__s3__T2__tau0.75__sig0.75,random,3,2.0,0.75,0.75,,20,0.12624396675590874,0.169946609239286,0.023620521593361397,70.95,0.162451171875,43.9,,,,shift
random__s3__T2__tau0.75__sig1.5,random,3,2.0,0.75,1.5,,20,0.12717120748500454,0.23383590960174944,0.03394424645261368,67.65,0.162451171875,27.1,,,,shift
random__s3__T2__tau0.75__sig3,random,3,2.0,0.75,3.0,,20,0.1357054588339042,0.264696266292067,0.039187353690128476,66.75,0.162451171875,12.85,,,,shift
random__s4__T2__tau0.75__sig0.75,random,4,2.0,0.75,0.75,,20,0.16931557723659085,0.224737447337285,0.030910619396033227,66.2,0.1625,37.0,,,,shift
random__s4__T2__tau0.75__sig1.5,random,4,2.0,0.75,1.5,,20,0.17430672991130394,0.31646910408490436,0.0465598195451099,61.1,0.1625,29.25,,,,shift
random__s4__T2__tau0.75__sig3,random,4,2.0,0.75,3.0,,20,0.16889397083794178,0.33709935154243675,0.05008364831976969,60.0,0.1625,16.1,,,,shift
random__s0__T3__tau0.75__sig0.75,random,0,3.0,0.75,0.75,,20,0.13646936257505793,0.18418682933587519,0.025735691643484455,70.95,0.161083984375,44.7,,,,shift
random__s0__T3__tau0.75__sig1.5,random,0,3.0,0.75,1.5,,20,0.13817876339446267,0.26307659185769705,0.03833289543035409,65.95,0.161083984375,12.95,,,,shift
random__s0__T3__tau0.75__sig3,random,0,3.0,0.75,3.0,,20,0.1341506038942592,0.27985159882441657,0.04138794956171997,65.5,0.161083984375,10.1,,,,shift
random__s1__T3__tau0.75__sig0.75,random,1,3.0,0.75,0.75,,20,0.1422908728868681,0.18036800455160046,0.024798999742161352,71.85,0.168359375,55.55,,,,shift
random__s1__T3__tau0.75__sig1.5,random,1,3.0,0.75,1.5,,20,0.14129152342860724,0.2498864187489021,0.035672614496939196,68.25,0.168359375,34.3,,,,shift
random__s1__T3__tau0.75__sig3,random,1,3.0,0.75,3.0,,20,0.14802065263346567,0.2854167100755641,0.04130297153580681,66.15,0.168359375,4.6,,,,shift
random__s2__T3__tau0.75__sig0.75,random,2,3.0,0.75,0.75,,20,0.14867678815263047,0.1875589817075013,0.02706306210422632,72.95,0.16845703125,28.15,,,,shift
random__s2__T3__tau0.75__sig1.5,random,2,3.0,0.75,1.5,,20,0.15756393773054642,0.2690590950817452,0.040907485797871804,68.8,0.16845703125,14.95,,,,shift
random__s2__T3__tau0.75__sig3,random,2,3.0,0.75,3.0,,20,0.16347148907522202,0.3004123269723418,0.04630424733375614,66.45,0.16845703125,8.35,,,,shift
random__s3__T3__tau0.75__sig0.75,random,3,3.0,0.75,0.75,,20,0.1228939206383598,0.16501729011245175,0.022916617151536915,71.05,0.162451171875,43.9,,,,shift
random__s3__T3__tau0.75__sig1.5,random,3,3.0,0.75,1.5,,20,0.12312500976373035,0.22755971392794688,0.032849264764626865,68.2,0.162451171875,32.65,,,,shift
random__s3__T3__tau0.75__sig3,random,3,3.0,0.75,3.0,,20,0.13178579152641529,0.26136384868692153,0.03809253729491731,66.55,0.162451171875,16.05,,,,shift
random__s4__T3__tau0.75__sig0.75,random,4,3.0,0.75,0.75,,20,0.16466861745995987,0.215978734336491,0.030050169754386496,68.1,0.1625,37.2,,,,shift
random__s4__T3__tau0.75__sig1.5,random,4,3.0,0.75,1.5,,20,0.16999075765567545,0.3073460089322463,0.04538631741241396,62.45,0.1625,29.25,,,,shift
random__s4__T3__tau0.75__sig3,random,4,3.0,0.75,3.0,,20,0.1655173572007959,0.32896294426508665,0.04906665316230824,61.25,0.1625,16.25,,,,shift
random__s0__T4__tau0.75__sig0.75,random,0,4.0,0.75,0.75,,20,0.131051697226586,0.17708140384734852,0.024797104505297398,71.3,0.161083984375,45.35,,,,shift
random__s0__T4__tau0.75__sig1.5,random,0,4.0,0.75,1.5,,20,0.1329843273400882,0.2539018443094885,0.036846480289599276,66.35,0.161083984375,12.9,,,,shift
random__s0__T4__tau0.75__sig3,random,0,4.0,0.75,3.0,,20,0.13043461603372591,0.2724062775494498,0.040214857718385524,66.1,0.161083984375,10.25,,,,shift
random__s1__T4__tau0.75__sig0.75,random,1,4.0,0.75,0.75,,20,0.13973867746575475,0.17847985695739416,0.02425170695903706,71.1,0.168359375,55.7,,,,shift
random__s1__T4__tau0.75__sig1.5,random,1,4.0,0.75,1.5,,20,0.1383428924334347,0.24641544835167778,0.034812418718439694,67.6,0.168359375,37.25,,,,shift
random__s1__T4__tau0.75__sig3,random,1,4.0,0.75,3.0,,20,0.14451019362218842,0.28122787966167817,0.040364307777368595,65.65,0.168359375,5.6,,,,shift
random__s2__T4__tau0.75__sig0.75,random,2,4.0,0.75,0.75,,20,0.1444622492544008,0.18493058936450313,0.026280999286182417,72.75,0.16845703125,27.15,,,,shift
random__s2__T4__tau0.75__sig1.5,random,2,4.0,0.75,1.5,,20,0.15156435354251813,0.26376314852261934,0.039499515211595795,68.7,0.16845703125,17.35,,,,shift
random__s2__T4__tau0.75__sig3,random,2,4.0,0.75,3.0,,20,0.1589073492113823,0.29471805818841185,0.04513099844214085,66.6,0.16845703125,8.35,,,,shift
random__s3__T4__tau0.75__sig0.75,random,3,4.0,0.75,0.75,,20,0.11854094725483282,0.1587618552950168,0.02213462477328123,72.35,0.162451171875,43.9,,,,shift
random__s3__T4__tau0.75__sig1.5,random,3,4.0,0.75,1.5,,20,0.1190138680005591,0.21992188333687568,0.03175451942383033,69.25,0.162451171875,32.65,,,,shift
random__s3__T4__tau0.75__sig3,random,3,4.0,0.75,3.0,,20,0.12434241835009577,0.2479252055574454,0.036058788062979456,67.55,0.162451171875,21.6,,,,shift
random__s4__T4__tau0.75__sig0.75,random,4,4.0,0.75,0.75,,20,0.16002715304504816,0.21242907197317126,0.029189575507152545,67.9,0.1625,37.55,,,,shift
random__s4__T4__tau0.75__sig1.5,random,4,4.0,0.75,1.5,,20,0.16666861226341623,0.3035771604187176,0.04444761776125277,62.5,0.1625,29.75,,,,shift
random__s4__T4__tau0.75__sig3,random,4,4.0,0.75,3.0,,20,0.16090241379970793,0.3218585169679031,0.04758010417442769,61.5,0.1625,17.35,,,,shift
greedy_entropy__s0__T0.3__tau0.75__sig0.75,greedy_entropy,0,0.3,0.75,0.75,,20,0.27912977717688775,0.22524097473562765,0.05477450931702379,118.3,0.30966796875,17.15,,,,shift
greedy_entropy__s0__T0.3__tau0.75__sig1.5,greedy_entropy,0,0.3,0.75,1.5,,20,0.27709744134489783,0.3012970224705921,0.07721037869832326,112.4,0.31142578125,12.65,,,,shift
greedy_entropy__s0__T0.3__tau0.75__sig3,greedy_entropy,0,0.3,0.75,3.0,,20,0.29262972572652746,0.33841254103923724,0.08856024985272601,108.55,0.311376953125,11.5,,,,shift
greedy_entropy__s1__T0.3__tau0.75__sig0.75,greedy_entropy,1,0.3,0.75,0.75,,20,0.26965344326669005,0.2003221778026282,0.047571185303330266,120.15,0.31474609375,19.55,,,,shift
greedy_entropy__s1__T0.3__tau0.75__sig1.5,greedy_entropy,1,0.3,0.75,1.5,,20,0.31606229724156565,0.31783627217881827,0.0805745130950846,109.6,0.3109375,7.9,,,,shift
greedy_entropy__s1__T0.3__tau0.75__sig3,greedy_entropy,1,0.3,0.75,3.0,,20,0.28354149214741553,0.3123956640273724,0.07964374023247808,109.25,0.3123046875,7.2,,,,shift
greedy_entropy__s2__T0.3__tau0.75__sig0.75,greedy_entropy,2,0.3,0.75,0.75,,20,0.27664481190159707,0.2126260468831676,0.05148191372363743,119.95,0.312353515625,20.5,,,,shift
greedy_entropy__s2__T0.3__tau0.75__sig1.5,greedy_entropy,2,0.3,0.75,1.5,,20,0.31160394825257054,0.31893077877255827,0.08378083396111324,112.4,0.314404296875,9.0,,,,shift
greedy_entropy__s2__T0.3__tau0.75__sig3,greedy_entropy,2,0.3,0.75,3.0,,20,0.2833524529960385,0.3209059179422065,0.08247940380783567,108.25,0.304931640625,5.8,,,,shift
greedy_entropy__s3__T0.3__tau0.75__sig0.75,greedy_entropy,3,0.3,0.75,0.75,,20,0.2729681258949206,0.2134519696382812,0.05228126991531351,121.3,0.312060546875,20.7,,,,shift
greedy_entropy__s3__T0.3__tau0.75__sig1.5,greedy_entropy,3,0.3,0.75,1.5,,20,0.27954908939491185,0.2935887423029864,0.07533378908031424,114.9,0.315576171875,10.15,,,,shift
greedy_entropy__s3__T0.3__tau0.75__sig3,greedy_entropy,3,0.3,0.75,3.0,,20,0.28514220315398375,0.3233278882358824,0.08292286024671927,109.0,0.306298828125,14.95,,,,shift
greedy_entropy__s4__T0.3__tau0.75__sig0.75,greedy_entropy,4,0.3,0.75,0.75,,20,0.2714249594375197,0.21409594093883189,0.05070511343906584,117.7,0.311474609375,19.9,,,,shift
greedy_entropy__s4__T0.3__tau0.75__sig1.5,greedy_entropy,4,0.3,0.75,1.5,,20,0.29342572159687746,0.30780959567507604,0.07889682460039017,109.9,0.312451171875,21.05,,,,shift
greedy_entropy__s4__T0.3__tau0.75__sig3,greedy_entropy,4,0.3,0.75,3.0,,20,0.31432289694793436,0.3480036545292621,0.08967982494254487,106.35,0.304150390625,6.65,,,,shift
greedy_entropy__s0__T0.5__tau0.75__sig0.75,greedy_entropy,0,0.5,0.75,0.75,,20,0.29322806994782263,0.2453952590981335,0.05828864885992306,112.45,0.3009765625,11.4,,,,shift
greedy_entropy__s0__T0.5__tau0.75__sig1.5,greedy_entropy,0,0.5,0.75,1.5,,20,0.2347261147657239,0.2725524975463375,0.06628092588272844,111.05,0.294287109375,7.95,,,,shift
greedy_entropy__s0__T0.5__tau0.75__sig3,greedy_entropy,0,0.5,0.75,3.0,,20,0.3036129035607469,0.35408204462517867,0.09151603108003313,104.85,0.29404296875,5.05,,,,shift
greedy_entropy__s1__T0.5__tau0.75__sig0.75,greedy_entropy,1,0.5,0.75,0.75,,20,0.2668157110775023,0.2025969201519972,0.04679339417796528,116.75,0.293408203125,18.0,,,,shift
greedy_entropy__s1__T0.5__tau0.75__sig1.5,greedy_entropy,1,0.5,0.75,1.5,,20,0.28078464738611847,0.2939995034122188,0.07330101871433209,108.75,0.297119140625,11.9,,,,shift
greedy_entropy__s1__T0.5__tau0.75__sig3,greedy_entropy,1,0.5,0.75,3.0,,20,0.311161104777513,0.3388229236064563,0.08539927003535662,104.2,0.29609375,4.5,,,,shift
greedy_entropy__s2__T0.5__tau0.75__sig0.75,greedy_entropy,2,0.5,0.75,0.75,,20,0.2640891744332962,0.21504739025552227,0.05053791064915145,115.9,0.29814453125,36.45,,,,shift
greedy_entropy__s2__T0.5__tau0.75__sig1.5,greedy_entropy,2,0.5,0.75,1.5,,20,0.2588492864984991,0.28568632979809366,0.07025408746170667,110.15,0.29814453125,9.0,,,,shift
greedy_entropy__s2__T0.5__tau0.75__sig3,greedy_entropy,2,0.5,0.75,3.0,,20,0.2905466555226293,0.33077344448480045,0.08317947951807067,105.4,0.296923828125,5.5,,,,shift
greedy_entropy__s3__T0.5__tau0.75__sig0.75,greedy_entropy,3,0.5,0.75,0.75,,20,0.2935974581555327,0.23075192051361554,0.055403352779071026,116.35,0.29970703125,11.55,,,,shift
greedy_entropy__s3__T0.5__tau0.75__sig1.5,greedy_entropy,3,0.5,0.75,1.5,,20,0.2696454976706119,0.29096011467650185,0.07254637095776004,110.65,0.2986328125,9.8,,,,shift
greedy_entropy__s3__T0.5__tau0.75__sig3,greedy_entropy,3,0.5,0.75,3.0,,20,0.2694479835595891,0.30601634547304024,0.07760793395908548,109.1,0.292431640625,4.3,,,,shift
greedy_entropy__s4__T0.5__tau0.75__sig0.75,greedy_entropy,4,0.5,0.75,0.75,,20,0.29576567242008345,0.23294011445065016,0.05360310390462556,111.9,0.293994140625,15.6,,,,shift
greedy_entropy__s4__T0.5__tau0.75__sig1.5,greedy_entropy,4,0.5,0.75,1.5,,20,0.27386959201063,0.2939587492995618,0.07267173054174314,108.0,0.301513671875,9.65,,,,shift
greedy_entropy__s4__T0.5__tau0.75__sig3,greedy_entropy,4,0.5,0.75,3.0,,20,0.2708913803590559,0.32394917872339474,0.07887933149604058,103.1,0.29013671875,6.2,,,,shift
greedy_entropy__s0__T1__tau0.75__sig0.75,greedy_entropy,0,1.0,0.75,0.75,,20,0.22648303088427008,0.20791626181779016,0.04522712830123685,105.45,0.244580078125,40.7,,,,shift
greedy_entropy__s0__T1__tau0.75__sig1.5,greedy_entropy,0,1.0,0.75,1.5,,20,0.2586811279595974,0.3145988019947376,0.07323902336990042,99.35,0.254296875,15.35,,,,shift
greedy_entropy__s0__T1__tau0.75__sig3,greedy_entropy,0,1.0,0.75,3.0,,20,0.24548295502538106,0.32001375043429847,0.0753637371966372,99.65,0.251025390625,5.75,,,,shift
greedy_entropy__s1__T1__tau0.75__sig0.75,greedy_entropy,1,1.0,0.75,0.75,,20,0.21575628595861226,0.18454566400329964,0.03857380781487858,108.6,0.248291015625,22.7,,,,shift
greedy_entropy__s1__T1__tau0.75__sig1.5,greedy_entropy,1,1.0,0.75,1.5,,20,0.2575328958828431,0.2955441894119453,0.06746082328062583,99.25,0.2466796875,10.75,,,,shift
greedy_entropy__s1__T1__tau0.75__sig3,greedy_entropy,1,1.0,0.75,3.0,,20,0.2605030300394844,0.31658737389366765,0.07418601585852037,99.5,0.250341796875,5.05,,,,shift
greedy_entropy__s2__T1__tau0.75__sig0.75,greedy_entropy,2,1.0,0.75,0.75,,20,0.21934659098583542,0.18625415005357648,0.0406780763083446,111.5,0.2548828125,21.7,,,,shift
greedy_entropy__s2__T1__tau0.75__sig1.5,greedy_entropy,2,1.0,0.75,1.5,,20,0.23750483827851734,0.28062098016470466,0.063217841213516,101.45,0.248974609375,17.3,,,,shift
greedy_entropy__s2__T1__tau0.75__sig3,greedy_entropy,2,1.0,0.75,3.0,,20,0.2383978436892223,0.30157585836350503,0.06768063546825284,99.75,0.2462890625,4.7,,,,shift
greedy_entropy__s3__T1__tau0.75__sig0.75,greedy_entropy,3,1.0,0.75,0.75,,20,0.24159321572588457,0.21044708883494107,0.04592143161319566,108.25,0.251904296875,20.15,,,,shift
greedy_entropy__s3__T1__tau0.75__sig1.5,greedy_entropy,3,1.0,0.75,1.5,,20,0.23432625498697934,0.27564146997279265,0.06157471862969861,101.0,0.242724609375,24.3,,,,shift
greedy_entropy__s3__T1__tau0.75__sig3,greedy_entropy,3,1.0,0.75,3.0,,20,0.2554655891542878,0.31606121179665153,0.07410207802909843,101.05,0.25810546875,6.75,,,,shift
greedy_entropy__s4__T1__tau0.75__sig0.75,greedy_entropy,4,1.0,0.75,0.75,,20,0.21556118866135227,0.1917132264337831,0.039038678969072635,103.5,0.238671875,33.25,,,,shift
greedy_entropy__s4__T1__tau0.75__sig1.5,greedy_entropy,4,1.0,0.75,1.5,,20,0.20606878561198722,0.2562638925298294,0.05547185061735636,100.25,0.240966796875,7.85,,,,shift
greedy_entropy__s4__T1__tau0.75__sig3,greedy_entropy,4,1.0,0.75,3.0,,20,0.241781418998329,0.3137550114625892,0.07128211371307246,98.0,0.2470703125,7.55,,,,shift
greedy_entropy__s0__T2__tau0.75__sig0.75,greedy_entropy,0,2.0,0.75,0.75,,20,0.16097775204950632,0.15273221752978977,0.03192237546221024,110.55,0.197705078125,39.4,,,,shift
greedy_entropy__s0__T2__tau0.75__sig1.5,greedy_entropy,0,2.0,0.75,1.5,,20,0.17995985653775476,0.23322526417662964,0.05046032090605919,102.2,0.196044921875,12.0,,,,shift
greedy_entropy__s0__T2__tau0.75__sig3,greedy_entropy,0,2.0,0.75,3.0,,20,0.22510280313761596,0.3029988028692903,0.06875949754045715,98.7,0.20126953125,10.75,,,,shift
greedy_entropy__s1__T2__tau0.75__sig0.75,greedy_entropy,1,2.0,0.75,0.75,,20,0.17308725499807215,0.14779218459157714,0.030671574794842775,110.05,0.19267578125,37.2,,,,shift
greedy_entropy__s1__T2__tau0.75__sig1.5,greedy_entropy,1,2.0,0.75,1.5,,20,0.18034139630597665,0.21969468518614638,0.04687317624657551,104.15,0.1931640625,14.85,,,,shift
greedy_entropy__s1__T2__tau0.75__sig3,greedy_entropy,1,2.0,0.75,3.0,,20,0.21976591349628732,0.27496053293262135,0.06159343986061559,101.4,0.196533203125,8.95,,,,shift
greedy_entropy__s2__T2__tau0.75__sig0.75,greedy_entropy,2,2.0,0.75,0.75,,20,0.1592909747974937,0.14649268454013864,0.03037051121701161,111.2,0.194970703125,43.3,,,,shift
greedy_entropy__s2__T2__tau0.75__sig1.5,greedy_entropy,2,2.0,0.75,1.5,,20,0.1893049337937141,0.23395720944623277,0.05133564792834751,105.25,0.198388671875,21.1,,,,shift
greedy_entropy__s2__T2__tau0.75__sig3,greedy_entropy,2,2.0,0.75,3.0,,20,0.19423092666829722,0.25445212775376563,0.05578418818820213,103.15,0.198095703125,10.35,,,,shift
greedy_entropy__s3__T2__tau0.75__sig0.75,greedy_entropy,3,2.0,0.75,0.75,,20,0.1636178831781443,0.15219152933123603,0.03152939561000271,110.1,0.193115234375,45.15,,,,shift
greedy_entropy__s3__T2__tau0.75__sig1.5,greedy_entropy,3,2.0,0.75,1.5,,20,0.1819705279958899,0.23169971535093206,0.04992718054307292,103.5,0.194287109375,47.95,,,,shift
greedy_entropy__s3__T2__tau0.75__sig3,greedy_entropy,3,2.0,0.75,3.0,,20,0.21994565198350843,0.27629982125578134,0.0626084107255432,103.0,0.200830078125,6.35,,,,shift
greedy_entropy__s4__T2__tau0.75__sig0.75,greedy_entropy,4,2.0,0.75,0.75,,20,0.17953601061410457,0.1622371601899052,0.03286955813651159,107.0,0.190283203125,47.85,,,,shift
greedy_entropy__s4__T2__tau0.75__sig1.5,greedy_entropy,4,2.0,0.75,1.5,,20,0.1811129979366842,0.2218855303495995,0.047892471091220065,104.25,0.194970703125,13.2,,,,shift
greedy_entropy__s4__T2__tau0.75__sig3,greedy_entropy,4,2.0,0.75,3.0,,20,0.21478566176958136,0.2767300748543854,0.06085713064193514,99.9,0.1935546875,7.65,,,,shift
greedy_entropy__s0__T3__tau0.75__sig0.75,greedy_entropy,0,3.0,0.75,0.75,,20,0.17622716835288518,0.15890301492321826,0.034582225206816024,115.6,0.168115234375,30.0,,,,shift
greedy_entropy__s0__T3__tau0.75__sig1.5,greedy_entropy,0,3.0,0.75,1.5,,20,0.17151323492890158,0.21540998531692593,0.048358384349759205,110.2,0.170849609375,18.35,,,,shift
greedy_entropy__s0__T3__tau0.75__sig3,greedy_entropy,0,3.0,0.75,3.0,,20,0.16687879631057087,0.22821622249870877,0.05116357676209906,108.75,0.16962890625,9.3,,,,shift
greedy_entropy__s1__T3__tau0.75__sig0.75,greedy_entropy,1,3.0,0.75,0.75,,20,0.12590692143864796,0.10659003577181281,0.022375563757653157,117.9,0.1615234375,63.0,,,,shift
greedy_entropy__s1__T3__tau0.75__sig1.5,greedy_entropy,1,3.0,0.75,1.5,,20,0.1792709103861282,0.21062843752096003,0.04734261290362034,111.55,0.170654296875,27.5,,,,shift
greedy_entropy__s1__T3__tau0.75__sig3,greedy_entropy,1,3.0,0.75,3.0,,20,0.17242692222919914,0.22241710229173414,0.04897807510303594,108.35,0.166796875,12.6,,,,shift
greedy_entropy__s2__T3__tau0.75__sig0.75,greedy_entropy,2,3.0,0.75,0.75,,20,0.17667824935058624,0.14985419841940187,0.032947713068918985,117.15,0.168701171875,41.55,,,,shift
greedy_entropy__s2__T3__tau0.75__sig1.5,greedy_entropy,2,3.0,0.75,1.5,,20,0.16432949038334443,0.1923817489608337,0.04341991092643295,113.75,0.1720703125,27.9,,,,shift
greedy_entropy__s2__T3__tau0.75__sig3,greedy_entropy,2,3.0,0.75,3.0,,20,0.16033198316720096,0.2089340953511937,0.04720093806431784,111.2,0.1697265625,29.25,,,,shift
greedy_entropy__s3__T3__tau0.75__sig0.75,greedy_entropy,3,3.0,0.75,0.75,,20,0.17545894605124812,0.14869117332805354,0.03232618616609421,116.85,0.16865234375,39.55,,,,shift
greedy_entropy__s3__T3__tau0.75__sig1.5,greedy_entropy,3,3.0,0.75,1.5,,20,0.15875200339118178,0.19258014498627568,0.04311187589747113,113.75,0.171728515625,17.4,,,,shift
greedy_entropy__s3__T3__tau0.75__sig3,greedy_entropy,3,3.0,0.75,3.0,,20,0.17874746659270954,0.22437291652891242,0.05063405106628458,110.35,0.17392578125,5.25,,,,shift
greedy_entropy__s4__T3__tau0.75__sig0.75,greedy_entropy,4,3.0,0.75,0.75,,20,0.15730055010865968,0.13475562258008095,0.028875800398693297,117.15,0.166162109375,38.5,,,,shift
greedy_entropy__s4__T3__tau0.75__sig1.5,greedy_entropy,4,3.0,0.75,1.5,,20,0.1738683423821633,0.20376331442366685,0.04514168015589526,111.85,0.168017578125,22.9,,,,shift
greedy_entropy__s4__T3__tau0.75__sig3,greedy_entropy,4,3.0,0.75,3.0,,20,0.17567977330401827,0.22718308124261966,0.05180355275735975,109.45,0.170361328125,11.6,,,,shift
greedy_entropy__s0__T4__tau0.75__sig0.75,greedy_entropy,0,4.0,0.75,0.75,,20,0.14040817236126685,0.12794788508607072,0.0287955510674358,122.5,0.15458984375,39.9,,,,shift
greedy_entropy__s0__T4__tau0.75__sig1.5,greedy_entropy,0,4.0,0.75,1.5,,20,0.13752385488067834,0.17167795776556632,0.03880162406375959,118.3,0.156884765625,28.55,,,,shift
greedy_entropy__s0__T4__tau0.75__sig3,greedy_entropy,0,4.0,0.75,3.0,,20,0.17467214223963215,0.2289837704706,0.05313594557946749,113.25,0.15986328125,11.4,,,,shift
greedy_entropy__s1__T4__tau0.75__sig0.75,greedy_entropy,1,4.0,0.75,0.75,,20,0.17736933932956495,0.14305949196397094,0.03200184200511,121.15,0.155615234375,68.15,,,,shift
greedy_entropy__s1__T4__tau0.75__sig1.5,greedy_entropy,1,4.0,0.75,1.5,,20,0.16887326082250437,0.189202582857615,0.043579830220446515,118.2,0.158642578125,25.6,,,,shift
greedy_entropy__s1__T4__tau0.75__sig3,greedy_entropy,1,4.0,0.75,3.0,,20,0.1854350065968265,0.21585316009190741,0.0498389329544858,114.9,0.15927734375,7.6,,,,shift
greedy_entropy__s2__T4__tau0.75__sig0.75,greedy_entropy,2,4.0,0.75,0.75,,20,0.13900019347385276,0.11687049502643976,0.02598049380684882,123.7,0.153125,69.4,,,,shift
greedy_entropy__s2__T4__tau0.75__sig1.5,greedy_entropy,2,4.0,0.75,1.5,,20,0.14149240691577197,0.16996816342993484,0.0391168327103613,120.0,0.1564453125,18.1,,,,shift
greedy_entropy__s2__T4__tau0.75__sig3,greedy_entropy,2,4.0,0.75,3.0,,20,0.16645167676224146,0.20736166067651407,0.04764483602880835,115.3,0.15693359375,15.8,,,,shift
greedy_entropy__s3__T4__tau0.75__sig0.75,greedy_entropy,3,4.0,0.75,0.75,,20,0.15310327426799006,0.13277175345775513,0.029894986610756548,123.4,0.15654296875,37.45,,,,shift
greedy_entropy__s3__T4__tau0.75__sig1.5,greedy_entropy,3,4.0,0.75,1.5,,20,0.1624161449788096,0.1885541171761153,0.04349591777062296,118.9,0.160546875,19.8,,,,shift
greedy_entropy__s3__T4__tau0.75__sig3,greedy_entropy,3,4.0,0.75,3.0,,20,0.17402101951720522,0.2107289652963055,0.04922611435239916,116.95,0.161279296875,7.9,,,,shift
greedy_entropy__s4__T4__tau0.75__sig0.75,greedy_entropy,4,4.0,0.75,0.75,,20,0.14310116124715816,0.12047528388259746,0.026685302563834223,122.9,0.15283203125,33.1,,,,shift
greedy_entropy__s4__T4__tau0.75__sig1.5,greedy_entropy,4,4.0,0.75,1.5,,20,0.17577175837634895,0.19792962989155272,0.0456806637772194,117.15,0.15810546875,19.55,,,,shift
greedy_entropy__s4__T4__tau0.75__sig3,greedy_entropy,4,4.0,0.75,3.0,,20,0.1778603517161573,0.2267088874659126,0.05282084213491698,113.75,0.158349609375,8.8,,,,shift
ppo__s0__T0.3__tau0.75__sig0.75-p0,ppo,0,0.3,0.75,0.75,0,20,0.3794341700255162,0.29100112641205833,0.07363931133080949,113.2,0.3333984375,15.65,,,,shift
ppo__s0__T0.3__tau0.75__sig0.75-p1,ppo,0,0.3,0.75,0.75,1,20,0.3651666117403417,0.28854261034842565,0.07118297546755989,110.95,0.3287109375,16.05,,,,shift
ppo__s0__T0.3__tau0.75__sig0.75-p2,ppo,0,0.3,0.75,0.75,2,20,0.336107343993591,0.2713702928141456,0.06476475313965924,109.0,0.313427734375,13.4,,,,shift
ppo__s0__T0.3__tau0.75__sig1.5-p0,ppo,0,0.3,0.75,1.5,0,20,0.3520976710988261,0.3780923402887309,0.10041097867066491,103.4,0.327197265625,6.1,,,,shift
ppo__s0__T0.3__tau0.75__sig1.5-p1,ppo,0,0.3,0.75,1.5,1,20,0.3574360067726105,0.3765326249424813,0.1006962658543411,104.15,0.328857421875,10.65,,,,shift
ppo__s0__T0.3__tau0.75__sig1.5-p2,ppo,0,0.3,0.75,1.5,2,20,0.3383378001361597,0.3719325554497385,0.09427140125816288,101.25,0.310107421875,10.6,,,,shift
ppo__s0__T0.3__tau0.75__sig3-p0,ppo,0,0.3,0.75,3.0,0,20,0.3455093187579229,0.39708330617469223,0.10522299186681353,101.35,0.3259765625,4.2,,,,shift
ppo__s0__T0.3__tau0.75__sig3-p1,ppo,0,0.3,0.75,3.0,1,20,0.33782426123142406,0.38206944289671485,0.10227267786291139,103.9,0.33359375,5.4,,,,shift
ppo__s0__T0.3__tau0.75__sig3-p2,ppo,0,0.3,0.75,3.0,2,20,0.3124039557147605,0.3887147809051419,0.0941929315303455,97.7,0.307421875,4.25,,,,shift
ppo__s1__T0.3__tau0.75__sig0.75-p0,ppo,1,0.3,0.75,0.75,0,20,0.35124171162223655,0.2634324765725583,0.06375886883416564,112.0,0.326318359375,16.75,,,,shift
ppo__s1__T0.3__tau0.75__sig0.75-p1,ppo,1,0.3,0.75,0.75,1,20,0.3551633278109075,0.26221857468651716,0.06384162568902167,112.55,0.329248046875,10.25,,,,shift
ppo__s1__T0.3__tau0.75__sig0.75-p2,ppo,1,0.3,0.75,0.75,2,20,0.3632888547521872,0.27113990631682666,0.06469891572194462,110.45,0.321435546875,10.0,,,,shift
ppo__s1__T0.3__tau0.75__sig1.5-p0,ppo,1,0.3,0.75,1.5,0,20,0.3467328084821827,0.35127005931719735,0.0899686903628721,103.95,0.328564453125,9.7,,,,shift
ppo__s1__T0.3__tau0.75__sig1.5-p1,ppo,1,0.3,0.75,1.5,1,20,0.3514142415427154,0.3536448380118179,0.09061492270188623,104.6,0.328662109375,6.4,,,,shift
ppo__s1__T0.3__tau0.75__sig1.5-p2,ppo,1,0.3,0.75,1.5,2,20,0.34882118339724283,0.35103549240839105,0.08911762522359029,104.45,0.321240234375,7.25,,,,shift
ppo__s1__T0.3__tau0.75__sig3-p0,ppo,1,0.3,0.75,3.0,0,20,0.32339325696885246,0.34593140085739404,0.09086529979621347,107.7,0.334521484375,4.85,,,,shift
ppo__s1__T0.3__tau0.75__sig3-p1,ppo,1,0.3,0.75,3.0,1,20,0.354592793480132,0.38670957932927935,0.09958444335326767,100.2,0.323974609375,5.25,,,,shift
ppo__s1__T0.3__tau0.75__sig3-p2,ppo,1,0.3,0.75,3.0,2,20,0.33340779398606724,0.3571159160479433,0.09269190718433089,105.7,0.331396484375,5.2,,,,shift
ppo__s2__T0.3__tau0.75__sig0.75-p0,ppo,2,0.3,0.75,0.75,0,20,0.33485302556019597,0.257612776656417,0.06243110891869034,114.4,0.330859375,17.3,,,,shift
ppo__s2__T0.3__tau0.75__sig0.75-p1,ppo,2,0.3,0.75,0.75,1,20,0.3267198359072331,0.2529026149359412,0.0610153403944339,112.1,0.323486328125,14.35,,,,shift
ppo__s2__T0.3__tau0.75__sig0.75-p2,ppo,2,0.3,0.75,0.75,2,20,0.36205596043579286,0.2685142807131091,0.06564006483931542,114.7,0.3298828125,12.55,,,,shift
ppo__s2__T0.3__tau0.75__sig1.5-p0,ppo,2,0.3,0.75,1.5,0,20,0.333867729390015,0.3443721519929066,0.08903667186817074,106.9,0.326171875,7.55,,,,shift
ppo__s2__T0.3__tau0.75__sig1.5-p1,ppo,2,0.3,0.75,1.5,1,20,0.3517016430594052,0.3593093566030589,0.09214674687929175,103.75,0.324951171875,7.85,,,,shift
ppo__s2__T0.3__tau0.75__sig1.5-p2,ppo,2,0.3,0.75,1.5,2,20,0.3323888320813112,0.34008366082907726,0.08723802044297006,106.55,0.32734375,10.8,,,,shift
ppo__s2__T0.3__tau0.75__sig3-p0,ppo,2,0.3,0.75,3.0,0,20,0.3305969785408572,0.3590187039330749,0.09547648089321276,107.3,0.3326171875,4.3,,,,shift
ppo__s2__T0.3__tau0.75__sig3-p1,ppo,2,0.3,0.75,3.0,1,20,0.3204436036321767,0.3506928989059662,0.09170623416574307,106.5,0.3328125,7.25,,,,shift
ppo__s2__T0.3__tau0.75__sig3-p2,ppo,2,0.3,0.75,3.0,2,20,0.3313507447933333,0.3534472256845785,0.09427605909760589,109.5,0.33447265625,5.45,,,,shift
ppo__s3__T0.3__tau0.75__sig0.75-p0,ppo,3,0.3,0.75,0.75,0,20,0.33306528558572424,0.254451581276938,0.06297683142382768,116.65,0.33076171875,15.85,,,,shift
ppo__s3__T0.3__tau0.75__sig0.75-p1,ppo,3,0.3,0.75,0.75,1,20,0.3638443706814489,0.28280203498706424,0.06923122787544303,108.9,0.324072265625,20.6,,,,shift
ppo__s3__T0.3__tau0.75__sig0.75-p2,ppo,3,0.3,0.75,0.75,2,20,0.34203490141060494,0.2651803643535126,0.06437967189128656,113.6,0.319384765625,10.9,,,,shift
ppo__s3__T0.3__tau0.75__sig1.5-p0,ppo,3,0.3,0.75,1.5,0,20,0.3221133842791591,0.33155846406437245,0.08688776426108263,110.4,0.33310546875,11.85,,,,shift
ppo__s3__T0.3__tau0.75__sig1.5-p1,ppo,3,0.3,0.75,1.5,1,20,0.34534420504239927,0.3627296221183528,0.09332484994395614,104.1,0.322216796875,12.85,,,,shift
ppo__s3__T0.3__tau0.75__sig1.5-p2,ppo,3,0.3,0.75,1.5,2,20,0.3421590679986201,0.34984465130411846,0.09256912394965593,107.8,0.326513671875,7.75,,,,shift
ppo__s3__T0.3__tau0.75__sig3-p0,ppo,3,0.3,0.75,3.0,0,20,0.31113660552440714,0.34264600630741027,0.0905393354070947,109.8,0.335107421875,6.9,,,,shift
ppo__s3__T0.3__tau0.75__sig3-p1,ppo,3,0.3,0.75,3.0,1,20,0.3237836985122848,0.35042886592587785,0.09246484698953203,108.55,0.33193359375,6.1,,,,shift
ppo__s3__T0.3__tau0.75__sig3-p2,ppo,3,0.3,0.75,3.0,2,20,0.332993156570477,0.36617349295009166,0.09531453373938777,104.5,0.322705078125,4.65,,,,shift
ppo__s4__T0.3__tau0.75__sig0.75-p0,ppo,4,0.3,0.75,0.75,0,20,0.3414562475871486,0.2579204079408627,0.06250355722923964,114.05,0.333740234375,17.85,,,,shift
ppo__s4__T0.3__tau0.75__sig0.75-p1,ppo,4,0.3,0.75,0.75,1,20,0.34218745307864895,0.2618697404989212,0.06211760318315229,108.9,0.32333984375,17.7,,,,shift
ppo__s4__T0.3__tau0.75__sig0.75-p2,ppo,4,0.3,0.75,0.75,2,20,0.3466447900788678,0.2607685119507067,0.06234935804143645,112.4,0.328369140625,13.7,,,,shift
ppo__s4__T0.3__tau0.75__sig1.5-p0,ppo,4,0.3,0.75,1.5,0,20,0.3163792176705179,0.32652330428118304,0.08294288710663127,107.95,0.328564453125,10.5,,,,shift
ppo__s4__T0.3__tau0.75__sig1.5-p1,ppo,4,0.3,0.75,1.5,1,20,0.35896422685008406,0.3635284076865354,0.09515559828132455,104.9,0.3357421875,8.9,,,,shift
ppo__s4__T0.3__tau0.75__sig1.5-p2,ppo,4,0.3,0.75,1.5,2,20,0.3458431075825338,0.3617310855793823,0.09090548643303284,101.8,0.323583984375,10.4,,,,shift
ppo__s4__T0.3__tau0.75__sig3-p0,ppo,4,0.3,0.75,3.0,0,20,0.3268185922579792,0.3586144835818884,0.09445715258302098,107.15,0.33935546875,8.65,,,,shift
ppo__s4__T0.3__tau0.75__sig3-p1,ppo,4,0.3,0.75,3.0,1,20,0.3234561859381361,0.3611184933698066,0.09348580818809718,103.9,0.330126953125,5.55,,,,shift
ppo__s4__T0.3__tau0.75__sig3-p2,ppo,4,0.3,0.75,3.0,2,20,0.32940063656259166,0.369742775139014,0.09508708144021777,102.85,0.325390625,4.4,,,,shift
ppo__s0__T0.5__tau0.75__sig0.75-p0,ppo,0,0.5,0.75,0.75,0,20,0.3754962038385107,0.3087800879728549,0.0724417469950657,102.8,0.318115234375,15.4,,,,shift
ppo__s0__T0.5__tau0.75__sig0.75-p1,ppo,0,0.5,0.75,0.75,1,20,0.371452760609605,0.2958530221929294,0.07267695590013476,107.5,0.333203125,20.6,,,,shift
ppo__s0__T0.5__tau0.75__sig0.75-p2,ppo,0,0.5,0.75,0.75,2,20,0.36486368406218556,0.2979100419692783,0.07199854332141423,104.75,0.323095703125,15.1,,,,shift
ppo__s0__T0.5__tau0.75__sig1.5-p0,ppo,0,0.5,0.75,1.5,0,20,0.35157466853298763,0.37491030402880254,0.09977676713312683,103.1,0.336083984375,6.9,,,,shift
ppo__s0__T0.5__tau0.75__sig1.5-p1,ppo,0,0.5,0.75,1.5,1,20,0.3626845047221456,0.38939189509669125,0.10139210011700588,99.1,0.330810546875,13.8,,,,shift
ppo__s0__T0.5__tau0.75__sig1.5-p2,ppo,0,0.5,0.75,1.5,2,20,0.332023028839623,0.38650549903137266,0.09248621587115866,95.65,0.310888671875,9.05,,,,shift
ppo__s0__T0.5__tau0.75__sig3-p0,ppo,0,0.5,0.75,3.0,0,20,0.3430595378009411,0.40071801403662066,0.1041596746610735,97.45,0.328076171875,5.4,,,,shift
ppo__s0__T0.5__tau0.75__sig3-p1,ppo,0,0.5,0.75,3.0,1,20,0.33833099002108,0.38756494699403743,0.10180763694591459,101.55,0.33564453125,7.0,,,,shift
ppo__s0__T0.5__tau0.75__sig3-p2,ppo,0,0.5,0.75,3.0,2,20,0.338962148918147,0.3916733018066697,0.10265640050769195,100.1,0.331982421875,6.0,,,,shift
ppo__s1__T0.5__tau0.75__sig0.75-p0,ppo,1,0.5,0.75,0.75,0,20,0.38942839307443206,0.2902762759394069,0.06915874931364126,107.2,0.33232421875,11.85,,,,shift
ppo__s1__T0.5__tau0.75__sig0.75-p1,ppo,1,0.5,0.75,0.75,1,20,0.36030133281926735,0.2738071697511269,0.06485365169059812,107.3,0.332421875,9.65,,,,shift
ppo__s1__T0.5__tau0.75__sig0.75-p2,ppo,1,0.5,0.75,0.75,2,20,0.3632599331270364,0.27616967193154796,0.06384670916355217,107.05,0.32216796875,9.9,,,,shift
ppo__s1__T0.5__tau0.75__sig1.5-p0,ppo,1,0.5,0.75,1.5,0,20,0.31731226253702455,0.3324765788426454,0.08217410525100016,100.9,0.3251953125,8.15,,,,shift
ppo__s1__T0.5__tau0.75__sig1.5-p1,ppo,1,0.5,0.75,1.5,1,20,0.33459920194858844,0.34612474403686716,0.08621806981012574,102.6,0.327734375,10.9,,,,shift
ppo__s1__T0.5__tau0.75__sig1.5-p2,ppo,1,0.5,0.75,1.5,2,20,0.3237215950152336,0.33855572696475944,0.08309836668196036,101.85,0.31650390625,7.85,,,,shift
ppo__s1__T0.5__tau0.75__sig3-p0,ppo,1,0.5,0.75,3.0,0,20,0.316455961718242,0.35225158027149367,0.08857069468692799,103.25,0.33525390625,5.85,,,,shift
ppo__s1__T0.5__tau0.75__sig3-p1,ppo,1,0.5,0.75,3.0,1,20,0.33214932201583186,0.3731288901380834,0.09366027209447937,98.8,0.33388671875,6.6,,,,shift
ppo__s1__T0.5__tau0.75__sig3-p2,ppo,1,0.5,0.75,3.0,2,20,0.33548476679838607,0.3726902531558397,0.09443303059254057,100.75,0.32841796875,6.2,,,,shift
ppo__s2__T0.5__tau0.75__sig0.75-p0,ppo,2,0.5,0.75,0.75,0,20,0.36155803251403307,0.282872244194574,0.06714048081882798,108.55,0.32373046875,14.0,,,,shift
ppo__s2__T0.5__tau0.75__sig0.75-p1,ppo,2,0.5,0.75,0.75,1,20,0.33870979618585817,0.27177961943424117,0.06346624709400059,106.55,0.3208984375,12.55,,,,shift
ppo__s2__T0.5__tau0.75__sig0.75-p2,ppo,2,0.5,0.75,0.75,2,20,0.3586505889696161,0.2763081963148467,0.06580204379621395,109.7,0.3294921875,21.95,,,,shift
ppo__s2__T0.5__tau0.75__sig1.5-p0,ppo,2,0.5,0.75,1.5,0,20,0.29444054836428646,0.33661923082192663,0.07934579026892118,100.95,0.31396484375,5.2,,,,shift
ppo__s2__T0.5__tau0.75__sig1.5-p1,ppo,2,0.5,0.75,1.5,1,20,0.3438932252662759,0.3584976692394812,0.09069620212691534,102.45,0.335888671875,6.25,,,,shift
ppo__s2__T0.5__tau0.75__sig1.5-p2,ppo,2,0.5,0.75,1.5,2,20,0.3417395307237287,0.35546280519325857,0.09068796915100531,104.15,0.329248046875,13.4,,,,shift
ppo__s2__T0.5__tau0.75__sig3-p0,ppo,2,0.5,0.75,3.0,0,20,0.3359885229780744,0.3722877915156892,0.09593878148610518,102.45,0.33291015625,4.0,,,,shift
ppo__s2__T0.5__tau0.75__sig3-p1,ppo,2,0.5,0.75,3.0,1,20,0.3197681214390379,0.3706855577785669,0.09287301730762493,99.35,0.32333984375,5.7,,,,shift
ppo__s2__T0.5__tau0.75__sig3-p2,ppo,2,0.5,0.75,3.0,2,20,0.3215465022172449,0.35315628722832937,0.0912839911597502,106.0,0.327490234375,6.35,,,,shift
ppo__s3__T0.5__tau0.75__sig0.75-p0,ppo,3,0.5,0.75,0.75,0,20,0.3351319257329807,0.26297652720476705,0.06291754735677998,111.75,0.331884765625,10.45,,,,shift
ppo__s3__T0.5__tau0.75__sig0.75-p1,ppo,3,0.5,0.75,0.75,1,20,0.3752736508109805,0.28689054760673505,0.07128460779271036,111.05,0.3396484375,19.55,,,,shift
ppo__s3__T0.5__tau0.75__sig0.75-p2,ppo,3,0.5,0.75,0.75,2,20,0.32908000811818666,0.2693535473214836,0.06346183871433397,106.65,0.316845703125,24.1,,,,shift
ppo__s3__T0.5__tau0.75__sig1.5-p0,ppo,3,0.5,0.75,1.5,0,20,0.32796747015047895,0.3417172912969505,0.08685721209303456,106.25,0.329443359375,11.0,,,,shift
ppo__s3__T0.5__tau0.75__sig1.5-p1,ppo,3,0.5,0.75,1.5,1,20,0.34851532197786383,0.3678952457276412,0.09340477781660805,101.8,0.33095703125,11.35,,,,shift
ppo__s3__T0.5__tau0.75__sig1.5-p2,ppo,3,0.5,0.75,1.5,2,20,0.35234024633384114,0.37475088838078213,0.09461836112175635,100.5,0.324658203125,6.15,,,,shift
ppo__s3__T0.5__tau0.75__sig3-p0,ppo,3,0.5,0.75,3.0,0,20,0.3351460875030542,0.3706982163153508,0.09733489768203425,102.9,0.331591796875,7.6,,,,shift
ppo__s3__T0.5__tau0.75__sig3-p1,ppo,3,0.5,0.75,3.0,1,20,0.31645110576446966,0.36018631369254756,0.09038420192700573,103.05,0.3302734375,7.15,,,,shift
ppo__s3__T0.5__tau0.75__sig3-p2,ppo,3,0.5,0.75,3.0,2,20,0.3191744290674041,0.3576464335277431,0.09252697269046559,104.5,0.330322265625,3.55,,,,shift
ppo__s4__T0.5__tau0.75__sig0.75-p0,ppo,4,0.5,0.75,0.75,0,20,0.32505056598727383,0.2601748404525656,0.05876704427836869,105.55,0.323828125,16.9,,,,shift
ppo__s4__T0.5__tau0.75__sig0.75-p1,ppo,4,0.5,0.75,0.75,1,20,0.37015038730300875,0.2829751228979086,0.06728102231481009,107.35,0.33505859375,14.3,,,,shift
ppo__s4__T0.5__tau0.75__sig0.75-p2,ppo,4,0.5,0.75,0.75,2,20,0.3346261682276233,0.2636186218945433,0.06103632115145992,107.6,0.33046875,14.85,,,,shift
ppo__s4__T0.5__tau0.75__sig1.5-p0,ppo,4,0.5,0.75,1.5,0,20,0.3313917233264355,0.3485906043978918,0.08716627340554184,102.9,0.332763671875,9.65,,,,shift
ppo__s4__T0.5__tau0.75__sig1.5-p1,ppo,4,0.5,0.75,1.5,1,20,0.3549317704790151,0.37078371180555725,0.09368332623079842,100.4,0.3326171875,11.8,,,,shift
ppo__s4__T0.5__tau0.75__sig1.5-p2,ppo,4,0.5,0.75,1.5,2,20,0.33658292703923415,0.35394236354938247,0.08796147189989392,101.95,0.32822265625,8.9,,,,shift
ppo__s4__T0.5__tau0.75__sig3-p0,ppo,4,0.5,0.75,3.0,0,20,0.3076725194472726,0.35845326033660874,0.08848657588382955,100.35,0.3296875,5.8,,,,shift
ppo__s4__T0.5__tau0.75__sig3-p1,ppo,4,0.5,0.75,3.0,1,20,0.3536308859786181,0.39907061343999406,0.10208829316127313,97.25,0.333935546875,4.4,,,,shift
ppo__s4__T0.5__tau0.75__sig3-p2,ppo,4,0.5,0.75,3.0,2,20,0.3215758915172849,0.3779551282637909,0.0930497687430205,97.05,0.321435546875,6.55,,,,shift
ppo__s0__T1__tau0.75__sig0.75-p0,ppo,0,1.0,0.75,0.75,0,20,0.34461162609865237,0.31052571816340996,0.06784365739871047,93.3,0.31357421875,18.25,,,,shift
ppo__s0__T1__tau0.75__sig0.75-p1,ppo,0,1.0,0.75,0.75,1,20,0.3749917222258213,0.33226858976943896,0.07339585918348455,93.15,0.325,14.85,,,,shift
ppo__s0__T1__tau0.75__sig0.75-p2,ppo,0,1.0,0.75,0.75,2,20,0.3730241432149227,0.3254131728770315,0.07300451410010159,94.0,0.3189453125,16.85,,,,shift
ppo__s0__T1__tau0.75__sig1.5-p0,ppo,0,1.0,0.75,1.5,0,20,0.3430132674595435,0.3998985060751432,0.09670516434051322,90.3,0.32763671875,7.1,,,,shift
ppo__s0__T1__tau0.75__sig1.5-p1,ppo,0,1.0,0.75,1.5,1,20,0.3457544638808171,0.4243513564346366,0.09639818298518535,83.55,0.317333984375,9.35,,,,shift
ppo__s0__T1__tau0.75__sig1.5-p2,ppo,0,1.0,0.75,1.5,2,20,0.3526624596813849,0.42075626966055035,0.09978122400510556,85.4,0.322705078125,7.7,,,,shift
ppo__s0__T1__tau0.75__sig3-p0,ppo,0,1.0,0.75,3.0,0,20,0.31479913876714116,0.40040539723167956,0.09609863485697502,90.1,0.33212890625,6.4,,,,shift
ppo__s0__T1__tau0.75__sig3-p1,ppo,0,1.0,0.75,3.0,1,20,0.3313559506278234,0.41587049101726664,0.10023726605667446,88.25,0.331494140625,5.35,,,,shift
ppo__s0__T1__tau0.75__sig3-p2,ppo,0,1.0,0.75,3.0,2,20,0.3096189348423812,0.39913503800999595,0.09466745952699865,89.15,0.320556640625,5.0,,,,shift
ppo__s1__T1__tau0.75__sig0.75-p0,ppo,1,1.0,0.75,0.75,0,20,0.36366248237039883,0.2958655177315733,0.0643980605072016,96.35,0.327783203125,10.95,,,,shift
ppo__s1__T1__tau0.75__sig0.75-p1,ppo,1,1.0,0.75,0.75,1,20,0.34825290405752446,0.29154706438787714,0.06180472377077163,95.8,0.3271484375,16.35,,,,shift
ppo__s1__T1__tau0.75__sig0.75-p2,ppo,1,1.0,0.75,0.75,2,20,0.3468891988823221,0.28862193263000363,0.06252037376727324,97.1,0.32587890625,12.4,,,,shift
ppo__s1__T1__tau0.75__sig1.5-p0,ppo,1,1.0,0.75,1.5,0,20,0.3443338167334415,0.3786367361121173,0.08904468286973687,91.2,0.32705078125,9.65,,,,shift
ppo__s1__T1__tau0.75__sig1.5-p1,ppo,1,1.0,0.75,1.5,1,20,0.3474543244635557,0.3888435367224779,0.08950992586237734,88.85,0.32744140625,6.9,,,,shift
ppo__s1__T1__tau0.75__sig1.5-p2,ppo,1,1.0,0.75,1.5,2,20,0.351118095376596,0.38839990425838644,0.08987559895219403,89.4,0.326611328125,7.9,,,,shift
ppo__s1__T1__tau0.75__sig3-p0,ppo,1,1.0,0.75,3.0,0,20,0.31021575061780815,0.37891045369315435,0.08721133743545412,89.85,0.3263671875,4.7,,,,shift
ppo__s1__T1__tau0.75__sig3-p1,ppo,1,1.0,0.75,3.0,1,20,0.31510825802195985,0.3805171273209331,0.0884300347892743,90.25,0.327001953125,5.15,,,,shift
ppo__s1__T1__tau0.75__sig3-p2,ppo,1,1.0,0.75,3.0,2,20,0.30869188171364703,0.37665662861881943,0.08637545490482917,90.25,0.3234375,7.65,,,,shift
ppo__s2__T1__tau0.75__sig0.75-p0,ppo,2,1.0,0.75,0.75,0,20,0.3378118589035819,0.29827644435799233,0.06322803116079653,94.0,0.316943359375,12.35,,,,shift
ppo__s2__T1__tau0.75__sig0.75-p1,ppo,2,1.0,0.75,0.75,1,20,0.3336495462932837,0.29234886073338046,0.06103974279673491,94.65,0.317919921875,12.65,,,,shift
ppo__s2__T1__tau0.75__sig0.75-p2,ppo,2,1.0,0.75,0.75,2,20,0.3283039895421353,0.2883915473250512,0.059927212441815945,93.25,0.305810546875,10.75,,,,shift
ppo__s2__T1__tau0.75__sig1.5-p0,ppo,2,1.0,0.75,1.5,0,20,0.336844483014323,0.3829454572597255,0.08941736856908797,91.15,0.326513671875,7.9,,,,shift
ppo__s2__T1__tau0.75__sig1.5-p1,ppo,2,1.0,0.75,1.5,1,20,0.33726736906900434,0.38357282612380955,0.08904804085726162,90.35,0.32802734375,7.1,,,,shift
ppo__s2__T1__tau0.75__sig1.5-p2,ppo,2,1.0,0.75,1.5,2,20,0.33968333289322533,0.37876185097089043,0.08927959305940482,93.3,0.324169921875,11.4,,,,shift
ppo__s2__T1__tau0.75__sig3-p0,ppo,2,1.0,0.75,3.0,0,20,0.3292421476878199,0.39521855657321114,0.09540074992253385,91.25,0.332080078125,4.95,,,,shift
ppo__s2__T1__tau0.75__sig3-p1,ppo,2,1.0,0.75,3.0,1,20,0.3176698320118697,0.391480748594014,0.09217566724715637,89.1,0.327294921875,7.3,,,,shift
ppo__s2__T1__tau0.75__sig3-p2,ppo,2,1.0,0.75,3.0,2,20,0.30028230991884614,0.37670951498976846,0.08505664176641968,90.1,0.31572265625,7.5,,,,shift
ppo__s3__T1__tau0.75__sig0.75-p0,ppo,3,1.0,0.75,0.75,0,20,0.32652013342242314,0.2829100062354075,0.06141341099814278,98.7,0.323486328125,16.0,,,,shift
ppo__s3__T1__tau0.75__sig0.75-p1,ppo,3,1.0,0.75,0.75,1,20,0.3143063757068265,0.2888503019452045,0.05970982463693314,94.0,0.311865234375,16.4,,,,shift
ppo__s3__T1__tau0.75__sig0.75-p2,ppo,3,1.0,0.75,0.75,2,20,0.3251486537207354,0.29104599724604213,0.06351652280474732,95.85,0.312451171875,17.95,,,,shift
ppo__s3__T1__tau0.75__sig1.5-p0,ppo,3,1.0,0.75,1.5,0,20,0.31994539032352176,0.3702007888536393,0.08646654935210155,91.65,0.3265625,8.75,,,,shift
ppo__s3__T1__tau0.75__sig1.5-p1,ppo,3,1.0,0.75,1.5,1,20,0.33982691450120256,0.38641856240204375,0.09083917487299284,90.75,0.329150390625,9.35,,,,shift
ppo__s3__T1__tau0.75__sig1.5-p2,ppo,3,1.0,0.75,1.5,2,20,0.31914671164481845,0.3702659313133229,0.08599898115490194,91.75,0.318896484375,7.0,,,,shift
ppo__s3__T1__tau0.75__sig3-p0,ppo,3,1.0,0.75,3.0,0,20,0.326864655785861,0.39532003196672566,0.09513568874401451,91.5,0.332421875,6.05,,,,shift
ppo__s3__T1__tau0.75__sig3-p1,ppo,3,1.0,0.75,3.0,1,20,0.31070203395377677,0.3841778987514391,0.08959579729825708,91.0,0.3283203125,6.85,,,,shift
ppo__s3__T1__tau0.75__sig3-p2,ppo,3,1.0,0.75,3.0,2,20,0.32137568026711266,0.3930614832789058,0.09223123642294452,90.05,0.32158203125,5.3,,,,shift
ppo__s4__T1__tau0.75__sig0.75-p0,ppo,4,1.0,0.75,0.75,0,20,0.3457633002761475,0.2928291615239851,0.062195093041317574,95.65,0.331787109375,21.35,,,,shift
ppo__s4__T1__tau0.75__sig0.75-p1,ppo,4,1.0,0.75,0.75,1,20,0.31177110038648154,0.2744374442444738,0.05672110085130749,95.25,0.32919921875,17.15,,,,shift
ppo__s4__T1__tau0.75__sig0.75-p2,ppo,4,1.0,0.75,0.75,2,20,0.35545185660416045,0.30282582777119543,0.0646891507978309,94.2,0.32783203125,9.6,,,,shift
ppo__s4__T1__tau0.75__sig1.5-p0,ppo,4,1.0,0.75,1.5,0,20,0.33879704223580814,0.38528853221617887,0.08832869965701605,89.1,0.326123046875,10.3,,,,shift
ppo__s4__T1__tau0.75__sig1.5-p1,ppo,4,1.0,0.75,1.5,1,20,0.3309364087545944,0.3888628023375696,0.08635221069007028,85.5,0.3234375,12.7,,,,shift
ppo__s4__T1__tau0.75__sig1.5-p2,ppo,4,1.0,0.75,1.5,2,20,0.3200864619033347,0.37726123765629305,0.08403391600747885,87.55,0.322314453125,9.4,,,,shift
ppo__s4__T1__tau0.75__sig3-p0,ppo,4,1.0,0.75,3.0,0,20,0.2936021982642886,0.3812599934014377,0.08436573816914623,86.55,0.322802734375,6.25,,,,shift
ppo__s4__T1__tau0.75__sig3-p1,ppo,4,1.0,0.75,3.0,1,20,0.32343503804029194,0.4068930647228476,0.0940622178023467,85.85,0.329248046875,6.2,,,,shift
ppo__s4__T1__tau0.75__sig3-p2,ppo,4,1.0,0.75,3.0,2,20,0.3154387701067868,0.3963883056835208,0.09170504479477716,87.8,0.322314453125,4.5,,,,shift
ppo__s0__T2__tau0.75__sig0.75-p0,ppo,0,2.0,0.75,0.75,0,20,0.34905055560760034,0.34622753327543443,0.0672895487034717,79.75,0.325341796875,14.05,,,,shift
ppo__s0__T2__tau0.75__sig0.75-p1,ppo,0,2.0,0.75,0.75,1,20,0.3367865775086235,0.34350368615774746,0.0657139889564042,78.5,0.331396484375,16.35,,,,shift
ppo__s0__T2__tau0.75__sig0.75-p2,ppo,0,2.0,0.75,0.75,2,20,0.33145804607375334,0.33454097814358214,0.06542894660690213,80.9,0.326904296875,11.65,,,,shift
ppo__s0__T2__tau0.75__sig1.5-p0,ppo,0,2.0,0.75,1.5,0,20,0.3088214394704719,0.4220408405984129,0.08748548864378701,74.3,0.318701171875,11.75,,,,shift
ppo__s0__T2__tau0.75__sig1.5-p1,ppo,0,2.0,0.75,1.5,1,20,0.3359148089315881,0.44490291169273666,0.0951100012724897,72.5,0.324169921875,10.2,,,,shift
ppo__s0__T2__tau0.75__sig1.5-p2,ppo,0,2.0,0.75,1.5,2,20,0.33020656359506767,0.4332373491955169,0.0936431285664015,75.6,0.3240234375,8.6,,,,shift
ppo__s0__T2__tau0.75__sig3-p0,ppo,0,2.0,0.75,3.0,0,20,0.30072152153395904,0.43626049266277017,0.09195480165340092,73.85,0.326708984375,7.35,,,,shift
ppo__s0__T2__tau0.75__sig3-p1,ppo,0,2.0,0.75,3.0,1,20,0.3021696559412158,0.4437072468172154,0.09178843077615402,71.9,0.3197265625,6.25,,,,shift
ppo__s0__T2__tau0.75__sig3-p2,ppo,0,2.0,0.75,3.0,2,20,0.30833819493591225,0.4359534962630064,0.09374759981591439,75.3,0.3265625,5.25,,,,shift
ppo__s1__T2__tau0.75__sig0.75-p0,ppo,1,2.0,0.75,0.75,0,20,0.3170958518027908,0.3173955937843332,0.056661617232917814,77.45,0.3185546875,10.9,,,,shift
ppo__s1__T2__tau0.75__sig0.75-p1,ppo,1,2.0,0.75,0.75,1,20,0.31649486356415285,0.31496557961033,0.05680402870339556,77.6,0.321240234375,10.9,,,,shift
ppo__s1__T2__tau0.75__sig0.75-p2,ppo,1,2.0,0.75,0.75,2,20,0.2983325864895729,0.2975146854103263,0.05478207118826946,80.8,0.31796875,12.95,,,,shift
ppo__s1__T2__tau0.75__sig1.5-p0,ppo,1,2.0,0.75,1.5,0,20,0.2995627613612212,0.39318351586405126,0.07715923483224905,74.35,0.322314453125,8.65,,,,shift
ppo__s1__T2__tau0.75__sig1.5-p1,ppo,1,2.0,0.75,1.5,1,20,0.3229706623222466,0.4118861305116657,0.08393208813266102,74.65,0.32646484375,11.0,,,,shift
ppo__s1__T2__tau0.75__sig1.5-p2,ppo,1,2.0,0.75,1.5,2,20,0.31496747031800715,0.39679934924524424,0.08060982464138644,76.9,0.325341796875,10.65,,,,shift
ppo__s1__T2__tau0.75__sig3-p0,ppo,1,2.0,0.75,3.0,0,20,0.3039170950813644,0.4171931540001803,0.08522043043837847,74.7,0.319921875,4.1,,,,shift
ppo__s1__T2__tau0.75__sig3-p1,ppo,1,2.0,0.75,3.0,1,20,0.30941775113320025,0.4283716357777327,0.08714355812462558,73.0,0.32666015625,10.7,,,,shift
ppo__s1__T2__tau0.75__sig3-p2,ppo,1,2.0,0.75,3.0,2,20,0.27809732514205554,0.3964388892252285,0.07856562375664636,74.05,0.31328125,6.5,,,,shift
ppo__s2__T2__tau0.75__sig0.75-p0,ppo,2,2.0,0.75,0.75,0,20,0.2945146786463527,0.2884568859414337,0.05447071746023273,84.1,0.3232421875,14.2,,,,shift
ppo__s2__T2__tau0.75__sig0.75-p1,ppo,2,2.0,0.75,0.75,1,20,0.34276189673662016,0.3247822543330671,0.06274776059048123,82.6,0.3275390625,9.15,,,,shift
ppo__s2__T2__tau0.75__sig0.75-p2,ppo,2,2.0,0.75,0.75,2,20,0.30717110743240544,0.29733578678325423,0.056566807227721914,83.85,0.318603515625,19.0,,,,shift
ppo__s2__T2__tau0.75__sig1.5-p0,ppo,2,2.0,0.75,1.5,0,20,0.2945090442351542,0.3873412425911127,0.07887163584517967,78.1,0.320068359375,8.2,,,,shift
ppo__s2__T2__tau0.75__sig1.5-p1,ppo,2,2.0,0.75,1.5,1,20,0.3143274245529376,0.3976296005260781,0.08357302143115444,78.9,0.32470703125,6.85,,,,shift
ppo__s2__T2__tau0.75__sig1.5-p2,ppo,2,2.0,0.75,1.5,2,20,0.3044103615607095,0.3859872943299175,0.08053675468169041,80.6,0.3232421875,9.15,,,,shift
ppo__s2__T2__tau0.75__sig3-p0,ppo,2,2.0,0.75,3.0,0,20,0.3052562096019712,0.4122110064144118,0.08755594391361979,78.35,0.322802734375,4.7,,,,shift
ppo__s2__T2__tau0.75__sig3-p1,ppo,2,2.0,0.75,3.0,1,20,0.2955723166349663,0.408705051598949,0.08333842505083275,76.1,0.3193359375,5.85,,,,shift
ppo__s2__T2__tau0.75__sig3-p2,ppo,2,2.0,0.75,3.0,2,20,0.3023652337595825,0.4052296264615447,0.08630310158316275,79.95,0.323583984375,7.8,,,,shift
ppo__s3__T2__tau0.75__sig0.75-p0,ppo,3,2.0,0.75,0.75,0,20,0.30829131779972796,0.30910287993972635,0.05891968326681986,82.9,0.321728515625,16.25,,,,shift
ppo__s3__T2__tau0.75__sig0.75-p1,ppo,3,2.0,0.75,0.75,1,20,0.32498847964694244,0.32458171858207996,0.061422828206238775,80.2,0.32861328125,17.4,,,,shift
ppo__s3__T2__tau0.75__sig0.75-p2,ppo,3,2.0,0.75,0.75,2,20,0.342745173740409,0.3337929458288797,0.06469614277199386,80.75,0.3173828125,14.45,,,,shift
ppo__s3__T2__tau0.75__sig1.5-p0,ppo,3,2.0,0.75,1.5,0,20,0.29189874692820317,0.39293323879657743,0.07863645285914365,76.3,0.325390625,9.65,,,,shift
ppo__s3__T2__tau0.75__sig1.5-p1,ppo,3,2.0,0.75,1.5,1,20,0.3152559109161935,0.4159466738476453,0.08511538062661798,75.1,0.326708984375,13.55,,,,shift
ppo__s3__T2__tau0.75__sig1.5-p2,ppo,3,2.0,0.75,1.5,2,20,0.2942917583319413,0.3829681068513054,0.07879950664948081,79.4,0.321875,7.5,,,,shift
ppo__s3__T2__tau0.75__sig3-p0,ppo,3,2.0,0.75,3.0,0,20,0.2801152648490245,0.39261342462706306,0.08061293302197683,78.35,0.323388671875,10.3,,,,shift
ppo__s3__T2__tau0.75__sig3-p1,ppo,3,2.0,0.75,3.0,1,20,0.26573161838366244,0.38838985494031586,0.07729799160223835,76.15,0.32021484375,7.6,,,,shift
ppo__s3__T2__tau0.75__sig3-p2,ppo,3,2.0,0.75,3.0,2,20,0.2909013222178888,0.3996450377163609,0.08410866696866723,79.3,0.323291015625,5.6,,,,shift
ppo__s4__T2__tau0.75__sig0.75-p0,ppo,4,2.0,0.75,0.75,0,20,0.30045285253556064,0.305470132915354,0.05453572111207983,78.9,0.32646484375,27.25,,,,shift
ppo__s4__T2__tau0.75__sig0.75-p1,ppo,4,2.0,0.75,0.75,1,20,0.3276029321899327,0.328685565820458,0.059638680993249885,77.45,0.322900390625,22.6,,,,shift
ppo__s4__T2__tau0.75__sig0.75-p2,ppo,4,2.0,0.75,0.75,2,20,0.3147556190097526,0.30746989291576915,0.057445012997119835,82.05,0.327978515625,10.45,,,,shift
ppo__s4__T2__tau0.75__sig1.5-p0,ppo,4,2.0,0.75,1.5,0,20,0.29177152800560824,0.39514935391442757,0.07675461698696107,74.05,0.32275390625,10.7,,,,shift
ppo__s4__T2__tau0.75__sig1.5-p1,ppo,4,2.0,0.75,1.5,1,20,0.32625649477371477,0.430991461624581,0.08538352548089315,71.25,0.326416015625,8.65,,,,shift
ppo__s4__T2__tau0.75__sig1.5-p2,ppo,4,2.0,0.75,1.5,2,20,0.3098868297877732,0.40380776687722764,0.08263197233536722,75.95,0.324755859375,12.45,,,,shift
ppo__s4__T2__tau0.75__sig3-p0,ppo,4,2.0,0.75,3.0,0,20,0.28421700051134113,0.41181386255002944,0.08253642688903107,74.05,0.31953125,5.7,,,,shift
ppo__s4__T2__tau0.75__sig3-p1,ppo,4,2.0,0.75,3.0,1,20,0.279571430885276,0.4306407256177086,0.0802895917702175,68.55,0.30908203125,6.75,,,,shift
ppo__s4__T2__tau0.75__sig3-p2,ppo,4,2.0,0.75,3.0,2,20,0.2998708384050973,0.42617276572106944,0.08834694253941323,74.2,0.3205078125,4.7,,,,shift
ppo__s0__T3__tau0.75__sig0.75-p0,ppo,0,3.0,0.75,0.75,0,20,0.3176116751427456,0.36543732238768,0.06108629076390577,66.6,0.3181640625,21.0,,,,shift
ppo__s0__T3__tau0.75__sig0.75-p1,ppo,0,3.0,0.75,0.75,1,20,0.3046495609789456,0.34851101386579597,0.05890807537447188,66.85,0.320458984375,18.55,,,,shift
ppo__s0__T3__tau0.75__sig0.75-p2,ppo,0,3.0,0.75,0.75,2,20,0.3129989333640909,0.3543177659119551,0.06102413309943272,69.7,0.32685546875,17.85,,,,shift
ppo__s0__T3__tau0.75__sig1.5-p0,ppo,0,3.0,0.75,1.5,0,20,0.28752659815853104,0.4460886541268674,0.08176050018110007,62.9,0.31552734375,13.5,,,,shift
ppo__s0__T3__tau0.75__sig1.5-p1,ppo,0,3.0,0.75,1.5,1,20,0.3036501367576256,0.4669194008099507,0.08590716941816182,60.35,0.32314453125,5.9,,,,shift
ppo__s0__T3__tau0.75__sig1.5-p2,ppo,0,3.0,0.75,1.5,2,20,0.31074025803652766,0.4580239524887397,0.08689503150080043,63.4,0.324267578125,8.45,,,,shift
ppo__s0__T3__tau0.75__sig3-p0,ppo,0,3.0,0.75,3.0,0,20,0.2762241987712369,0.4562826834758284,0.08325316799942596,62.55,0.3189453125,7.25,,,,shift
ppo__s0__T3__tau0.75__sig3-p1,ppo,0,3.0,0.75,3.0,1,20,0.2758888990428531,0.46594960277150754,0.08464786239175187,60.2,0.32607421875,6.25,,,,shift
ppo__s0__T3__tau0.75__sig3-p2,ppo,0,3.0,0.75,3.0,2,20,0.2930665536783793,0.46591377107357895,0.08930841982233244,64.0,0.32724609375,8.0,,,,shift
ppo__s1__T3__tau0.75__sig0.75-p0,ppo,1,3.0,0.75,0.75,0,20,0.31195200253809025,0.3534378457058033,0.05586480304042628,64.85,0.322265625,13.1,,,,shift
ppo__s1__T3__tau0.75__sig0.75-p1,ppo,1,3.0,0.75,0.75,1,20,0.29530220379653477,0.3516630615256101,0.05279811978708486,62.0,0.312646484375,13.75,,,,shift
ppo__s1__T3__tau0.75__sig0.75-p2,ppo,1,3.0,0.75,0.75,2,20,0.2780378264369169,0.3080734739119361,0.04915043529036826,69.9,0.3240234375,12.9,,,,shift
ppo__s1__T3__tau0.75__sig1.5-p0,ppo,1,3.0,0.75,1.5,0,20,0.27317495143003795,0.412733020960611,0.0709356381720217,62.8,0.32373046875,9.0,,,,shift
ppo__s1__T3__tau0.75__sig1.5-p1,ppo,1,3.0,0.75,1.5,1,20,0.28363127922997805,0.42066212000449654,0.07229090078394054,61.4,0.325048828125,7.05,,,,shift
ppo__s1__T3__tau0.75__sig1.5-p2,ppo,1,3.0,0.75,1.5,2,20,0.28731404715344117,0.41680328515584525,0.07512209915184265,64.8,0.322412109375,11.0,,,,shift
ppo__s1__T3__tau0.75__sig3-p0,ppo,1,3.0,0.75,3.0,0,20,0.2667237275115836,0.4301534562236381,0.07465164937425686,62.05,0.321435546875,8.3,,,,shift
ppo__s1__T3__tau0.75__sig3-p1,ppo,1,3.0,0.75,3.0,1,20,0.2605406902370619,0.4264766224042334,0.07367758477961625,61.95,0.32587890625,10.45,,,,shift
ppo__s1__T3__tau0.75__sig3-p2,ppo,1,3.0,0.75,3.0,2,20,0.29349126476380594,0.44038449077014563,0.08193428719764626,65.6,0.3216796875,5.75,,,,shift
ppo__s2__T3__tau0.75__sig0.75-p0,ppo,2,3.0,0.75,0.75,0,20,0.2898732484835424,0.32899331482195987,0.05321209726752045,68.3,0.317822265625,18.15,,,,shift
ppo__s2__T3__tau0.75__sig0.75-p1,ppo,2,3.0,0.75,0.75,1,20,0.27842638783215284,0.32871811451269706,0.05115084106310552,66.1,0.32373046875,14.0,,,,shift
ppo__s2__T3__tau0.75__sig0.75-p2,ppo,2,3.0,0.75,0.75,2,20,0.29432105038559186,0.3271947064903724,0.05478269337023824,70.9,0.32578125,22.65,,,,shift
ppo__s2__T3__tau0.75__sig1.5-p0,ppo,2,3.0,0.75,1.5,0,20,0.2807746109500115,0.42231225237077047,0.07596048539359565,63.7,0.323388671875,5.4,,,,shift
ppo__s2__T3__tau0.75__sig1.5-p1,ppo,2,3.0,0.75,1.5,1,20,0.2824591110079834,0.42462937441542536,0.07527458657054142,63.95,0.325830078125,8.3,,,,shift
ppo__s2__T3__tau0.75__sig1.5-p2,ppo,2,3.0,0.75,1.5,2,20,0.2792549096375542,0.40454230818822534,0.07479464797784703,68.2,0.325732421875,11.5,,,,shift
ppo__s2__T3__tau0.75__sig3-p0,ppo,2,3.0,0.75,3.0,0,20,0.26309468266410485,0.4239154776555643,0.07596507588315499,64.5,0.32080078125,6.35,,,,shift
ppo__s2__T3__tau0.75__sig3-p1,ppo,2,3.0,0.75,3.0,1,20,0.2608111713417945,0.42804159028090416,0.07463436010686099,62.6,0.326513671875,6.6,,,,shift
ppo__s2__T3__tau0.75__sig3-p2,ppo,2,3.0,0.75,3.0,2,20,0.26078573867384097,0.41049497940397206,0.07584108907244334,66.65,0.315966796875,5.45,,,,shift
ppo__s3__T3__tau0.75__sig0.75-p0,ppo,3,3.0,0.75,0.75,0,20,0.27576954360047023,0.33699730670210254,0.052580558542443624,64.95,0.32353515625,17.3,,,,shift
ppo__s3__T3__tau0.75__sig0.75-p1,ppo,3,3.0,0.75,0.75,1,20,0.2832259784908191,0.3363809065050948,0.05414575818375722,66.1,0.324853515625,17.75,,,,shift
ppo__s3__T3__tau0.75__sig0.75-p2,ppo,3,3.0,0.75,0.75,2,20,0.2950286478049397,0.3330758690912561,0.0565780420275245,70.7,0.3224609375,12.7,,,,shift
ppo__s3__T3__tau0.75__sig1.5-p0,ppo,3,3.0,0.75,1.5,0,20,0.2683564571755156,0.4191541025656207,0.07325944092670539,63.2,0.32451171875,8.9,,,,shift
ppo__s3__T3__tau0.75__sig1.5-p1,ppo,3,3.0,0.75,1.5,1,20,0.29853868913908405,0.449695179143177,0.08057521004590998,60.9,0.317626953125,17.95,,,,shift
ppo__s3__T3__tau0.75__sig1.5-p2,ppo,3,3.0,0.75,1.5,2,20,0.2830361554821279,0.4172935248935599,0.07606729400972244,66.35,0.32431640625,9.4,,,,shift
ppo__s3__T3__tau0.75__sig3-p0,ppo,3,3.0,0.75,3.0,0,20,0.26955521003407534,0.4420780885223775,0.07773875313411961,61.7,0.321435546875,12.55,,,,shift
ppo__s3__T3__tau0.75__sig3-p1,ppo,3,3.0,0.75,3.0,1,20,0.2760237153660786,0.4548713868137799,0.08074847606782169,60.25,0.32822265625,5.55,,,,shift
ppo__s3__T3__tau0.75__sig3-p2,ppo,3,3.0,0.75,3.0,2,20,0.2647870425285763,0.41831799071096115,0.07697370094878295,66.95,0.324755859375,4.95,,,,shift
ppo__s4__T3__tau0.75__sig0.75-p0,ppo,4,3.0,0.75,0.75,0,20,0.2790661643941279,0.333645391830603,0.050548019057253556,63.85,0.321728515625,25.3,,,,shift
ppo__s4__T3__tau0.75__sig0.75-p1,ppo,4,3.0,0.75,0.75,1,20,0.30243793439629096,0.35191979564139186,0.05515208794875921,63.85,0.3244140625,14.5,,,,shift
ppo__s4__T3__tau0.75__sig0.75-p2,ppo,4,3.0,0.75,0.75,2,20,0.29664722202089955,0.33333891761456036,0.052887806106354796,67.75,0.32470703125,18.2,,,,shift
ppo__s4__T3__tau0.75__sig1.5-p0,ppo,4,3.0,0.75,1.5,0,20,0.27961157585136187,0.4295564441147562,0.0732248988564277,60.9,0.318798828125,7.65,,,,shift
ppo__s4__T3__tau0.75__sig1.5-p1,ppo,4,3.0,0.75,1.5,1,20,0.291106550091354,0.4471412924477747,0.07621652199767413,59.5,0.326171875,15.95,,,,shift
ppo__s4__T3__tau0.75__sig1.5-p2,ppo,4,3.0,0.75,1.5,2,20,0.2896507325949121,0.4295555864286384,0.07599203698681326,63.85,0.32724609375,15.05,,,,shift
ppo__s4__T3__tau0.75__sig3-p0,ppo,4,3.0,0.75,3.0,0,20,0.2620803948580415,0.4382756297958628,0.0751150351406213,60.75,0.32099609375,4.8,,,,shift
ppo__s4__T3__tau0.75__sig3-p1,ppo,4,3.0,0.75,3.0,1,20,0.2599749854958624,0.4420861680663701,0.07560010998151045,59.95,0.32412109375,3.6,,,,shift
ppo__s4__T3__tau0.75__sig3-p2,ppo,4,3.0,0.75,3.0,2,20,0.25122399033805276,0.41834187689949554,0.07305883982235842,64.15,0.32490234375,6.7,,,,shift
ppo__s0__T4__tau0.75__sig0.75-p0,ppo,0,4.0,0.75,0.75,0,20,0.2835559800480912,0.40266627001777155,0.05572838266710496,51.0,0.321923828125,16.8,,,,shift
ppo__s0__T4__tau0.75__sig0.75-p1,ppo,0,4.0,0.75,0.75,1,20,0.31465879502719946,0.4340298837902924,0.06134552700196414,49.7,0.3259765625,13.65,,,,shift
ppo__s0__T4__tau0.75__sig0.75-p2,ppo,0,4.0,0.75,0.75,2,20,0.27367664311630413,0.3688118640792922,0.05369005137326115,57.05,0.320947265625,23.0,,,,shift
ppo__s0__T4__tau0.75__sig1.5-p0,ppo,0,4.0,0.75,1.5,0,20,0.25334206226566863,0.4621128920531235,0.07114621347699844,50.6,0.31689453125,11.85,,,,shift
ppo__s0__T4__tau0.75__sig1.5-p1,ppo,0,4.0,0.75,1.5,1,20,0.29205908990609936,0.516839242261772,0.0807206832615466,46.75,0.32216796875,9.45,,,,shift
ppo__s0__T4__tau0.75__sig1.5-p2,ppo,0,4.0,0.75,1.5,2,20,0.2750106305396171,0.4808935885656404,0.07755234562126245,51.75,0.326171875,6.25,,,,shift
ppo__s0__T4__tau0.75__sig3-p0,ppo,0,4.0,0.75,3.0,0,20,0.26546248752302076,0.508092461815884,0.0805923969458268,48.7,0.31796875,9.35,,,,shift
ppo__s0__T4__tau0.75__sig3-p1,ppo,0,4.0,0.75,3.0,1,20,0.2629920752651325,0.509883844747619,0.08067044070788619,47.1,0.321826171875,7.8,,,,shift
ppo__s0__T4__tau0.75__sig3-p2,ppo,0,4.0,0.75,3.0,2,20,0.2624615312025107,0.4824636304120912,0.08100452430984086,53.75,0.319384765625,6.2,,,,shift
ppo__s1__T4__tau0.75__sig0.75-p0,ppo,1,4.0,0.75,0.75,0,20,0.2834554596682931,0.39018162031514186,0.050604094495855165,49.55,0.3185546875,10.25,,,,shift
ppo__s1__T4__tau0.75__sig0.75-p1,ppo,1,4.0,0.75,0.75,1,20,0.29578400546982253,0.4034751313715167,0.05179216843927703,48.55,0.322607421875,11.5,,,,shift
ppo__s1__T4__tau0.75__sig0.75-p2,ppo,1,4.0,0.75,0.75,2,20,0.2795953780793081,0.36946213358707186,0.04992197092291191,53.7,0.326806640625,14.35,,,,shift
ppo__s1__T4__tau0.75__sig1.5-p0,ppo,1,4.0,0.75,1.5,0,20,0.2657562845119295,0.4732286663967945,0.06736578786807432,46.55,0.32041015625,8.45,,,,shift
ppo__s1__T4__tau0.75__sig1.5-p1,ppo,1,4.0,0.75,1.5,1,20,0.26139520391358917,0.4843541075022985,0.06737081615023119,44.4,0.320361328125,7.6,,,,shift
ppo__s1__T4__tau0.75__sig1.5-p2,ppo,1,4.0,0.75,1.5,2,20,0.2606198821592333,0.44975862882508827,0.06767300764194446,51.4,0.3234375,11.95,,,,shift
ppo__s1__T4__tau0.75__sig3-p0,ppo,1,4.0,0.75,3.0,0,20,0.23698741822873606,0.462844562172877,0.06672646147418332,48.55,0.3189453125,6.65,,,,shift
ppo__s1__T4__tau0.75__sig3-p1,ppo,1,4.0,0.75,3.0,1,20,0.24586405264942904,0.4838841987500489,0.06980407546459766,45.5,0.32666015625,11.75,,,,shift
ppo__s1__T4__tau0.75__sig3-p2,ppo,1,4.0,0.75,3.0,2,20,0.25022825139739097,0.45790557540429033,0.0709777369331,52.35,0.318310546875,8.0,,,,shift
ppo__s2__T4__tau0.75__sig0.75-p0,ppo,2,4.0,0.75,0.75,0,20,0.2543997721557131,0.3550932181676269,0.04740594611296632,53.6,0.3193359375,13.8,,,,shift
ppo__s2__T4__tau0.75__sig0.75-p1,ppo,2,4.0,0.75,0.75,1,20,0.26585088236751886,0.3747280078309392,0.04873744589888763,51.4,0.32802734375,15.2,,,,shift
ppo__s2__T4__tau0.75__sig0.75-p2,ppo,2,4.0,0.75,0.75,2,20,0.2589330683929366,0.3437055954927794,0.048664034383589516,57.55,0.313671875,15.2,,,,shift
ppo__s2__T4__tau0.75__sig1.5-p0,ppo,2,4.0,0.75,1.5,0,20,0.2571513161279679,0.4605899704489552,0.06800528384631334,49.85,0.320556640625,6.3,,,,shift
ppo__s2__T4__tau0.75__sig1.5-p1,ppo,2,4.0,0.75,1.5,1,20,0.2631936247768426,0.4693569155295617,0.06972072609138574,49.65,0.322265625,6.7,,,,shift
ppo__s2__T4__tau0.75__sig1.5-p2,ppo,2,4.0,0.75,1.5,2,20,0.25234490466345794,0.43707010566359655,0.06767053201317395,53.9,0.322216796875,11.75,,,,shift
ppo__s2__T4__tau0.75__sig3-p0,ppo,2,4.0,0.75,3.0,0,20,0.24532388061070756,0.46889716734423237,0.06973112910698696,50.0,0.31865234375,5.0,,,,shift
ppo__s2__T4__tau0.75__sig3-p1,ppo,2,4.0,0.75,3.0,1,20,0.23976816396340128,0.4743819678540492,0.06861047878907575,47.7,0.325927734375,8.6,,,,shift
ppo__s2__T4__tau0.75__sig3-p2,ppo,2,4.0,0.75,3.0,2,20,0.26140355810692584,0.46911444775395994,0.07535948228613273,53.2,0.325634765625,7.85,,,,shift
ppo__s3__T4__tau0.75__sig0.75-p0,ppo,3,4.0,0.75,0.75,0,20,0.24056920903097628,0.3473309968349417,0.04609413323789667,53.85,0.319189453125,18.15,,,,shift
ppo__s3__T4__tau0.75__sig0.75-p1,ppo,3,4.0,0.75,0.75,1,20,0.2667879720288652,0.36818259913541085,0.05080385738579205,53.8,0.321875,21.7,,,,shift
ppo__s3__T4__tau0.75__sig0.75-p2,ppo,3,4.0,0.75,0.75,2,20,0.2882112527636946,0.38210818836027655,0.054602659222353925,55.25,0.317041015625,13.55,,,,shift
ppo__s3__T4__tau0.75__sig1.5-p0,ppo,3,4.0,0.75,1.5,0,20,0.25862398558504307,0.45389138499813375,0.06948204384348575,51.7,0.31708984375,12.2,,,,shift
ppo__s3__T4__tau0.75__sig1.5-p1,ppo,3,4.0,0.75,1.5,1,20,0.26975825792555397,0.48386315706169036,0.07267500592242433,48.5,0.31904296875,13.2,,,,shift
ppo__s3__T4__tau0.75__sig1.5-p2,ppo,3,4.0,0.75,1.5,2,20,0.2540856583349003,0.44397037751928253,0.06847281022929898,52.8,0.319775390625,4.15,,,,shift
ppo__s3__T4__tau0.75__sig3-p0,ppo,3,4.0,0.75,3.0,0,20,0.2286403495237402,0.4509091482964007,0.0662782071578009,50.35,0.320654296875,12.9,,,,shift
ppo__s3__T4__tau0.75__sig3-p1,ppo,3,4.0,0.75,3.0,1,20,0.23722279007236252,0.4656883249627744,0.0684569841927575,49.4,0.3234375,10.1,,,,shift
ppo__s3__T4__tau0.75__sig3-p2,ppo,3,4.0,0.75,3.0,2,20,0.2624096488385478,0.4747076435268459,0.07575139825010455,52.5,0.32197265625,5.75,,,,shift
ppo__s4__T4__tau0.75__sig0.75-p0,ppo,4,4.0,0.75,0.75,0,20,0.25481047895594194,0.3652484873253742,0.046165323528424146,50.7,0.322607421875,18.3,,,,shift
ppo__s4__T4__tau0.75__sig0.75-p1,ppo,4,4.0,0.75,0.75,1,20,0.2817641936042756,0.3965017699447756,0.05047325903849583,48.85,0.317333984375,15.15,,,,shift
ppo__s4__T4__tau0.75__sig0.75-p2,ppo,4,4.0,0.75,0.75,2,20,0.27189323147252137,0.36488944085071434,0.04938152863237018,53.8,0.32626953125,6.3,,,,shift
ppo__s4__T4__tau0.75__sig1.5-p0,ppo,4,4.0,0.75,1.5,0,20,0.2408702540499013,0.4490231069316861,0.0625857509417966,48.5,0.3216796875,9.65,,,,shift
ppo__s4__T4__tau0.75__sig1.5-p1,ppo,4,4.0,0.75,1.5,1,20,0.27761562690797487,0.49797052198083874,0.07315905690153221,45.75,0.32392578125,7.95,,,,shift
ppo__s4__T4__tau0.75__sig1.5-p2,ppo,4,4.0,0.75,1.5,2,20,0.25792540532758124,0.4453319904734266,0.06799056751427321,52.95,0.321484375,14.3,,,,shift
ppo__s4__T4__tau0.75__sig3-p0,ppo,4,4.0,0.75,3.0,0,20,0.24742132824940266,0.4819216166593024,0.07089804005870684,48.45,0.318798828125,8.4,,,,shift
ppo__s4__T4__tau0.75__sig3-p1,ppo,4,4.0,0.75,3.0,1,20,0.2465736739980457,0.4806254710541884,0.07078529054126934,47.95,0.32197265625,4.1,,,,shift
ppo__s4__T4__tau0.75__sig3-p2,ppo,4,4.0,0.75,3.0,2,20,0.2534848960463654,0.478705920307929,0.07259103531980293,50.15,0.31875,8.35,,,,shift
oracle__s0__T0.3__tau0.75__sig0.75,oracle,0,0.3,0.75,0.75,,20,1.0,0.7630942734086226,0.19659289764417714,37.9,0.213037109375,2.15,,,,shift
oracle__s0__T0.3__tau0.75__sig1.5,oracle,0,0.3,0.75,1.5,,20,0.9823746832783264,0.7963718664268704,0.2747915540810493,43.65,0.280859375,1.45,,,,shift
oracle__s0__T0.3__tau0.75__sig3,oracle,0,0.3,0.75,3.0,,20,0.9400824551054937,0.7799097962099903,0.28223144052372817,49.6,0.30400390625,1.25,,,,shift
oracle__s1__T0.3__tau0.75__sig0.75,oracle,1,0.3,0.75,0.75,,20,1.0,0.7731596151421638,0.18023671349577516,33.3,0.19560546875,2.9,,,,shift
oracle__s1__T0.3__tau0.75__sig1.5,oracle,1,0.3,0.75,1.5,,20,0.9976744186046511,0.7986735279833697,0.2574325617495493,40.65,0.261962890625,1.5,,,,shift
oracle__s1__T0.3__tau0.75__sig3,oracle,1,0.3,0.75,3.0,,20,0.9737702151729335,0.7707444890119265,0.27155614620845625,50.4,0.296435546875,1.15,,,,shift
oracle__s2__T0.3__tau0.75__sig0.75,oracle,2,0.3,0.75,0.75,,20,1.0,0.7751850377944842,0.18616947601423683,34.1,0.199951171875,2.8,,,,shift
oracle__s2__T0.3__tau0.75__sig1.5,oracle,2,0.3,0.75,1.5,,20,0.9805897374770275,0.7938056253784097,0.2606844362576876,42.25,0.266845703125,1.75,,,,shift
oracle__s2__T0.3__tau0.75__sig3,oracle,2,0.3,0.75,3.0,,20,0.9583590589329394,0.7624121884498691,0.2725832221334326,53.1,0.302685546875,1.25,,,,shift
oracle__s3__T0.3__tau0.75__sig0.75,oracle,3,0.3,0.75,0.75,,20,1.0,0.7807884801489315,0.18860325247417475,33.35,0.200390625,2.05,,,,shift
oracle__s3__T0.3__tau0.75__sig1.5,oracle,3,0.3,0.75,1.5,,20,0.9916750493547672,0.7985258162781934,0.2646566986548176,41.9,0.26728515625,1.65,,,,shift
oracle__s3__T0.3__tau0.75__sig3,oracle,3,0.3,0.75,3.0,,20,0.960281884679168,0.7577156537391293,0.27353281850648553,55.15,0.305029296875,0.9,,,,shift
oracle__s4__T0.3__tau0.75__sig0.75,oracle,4,0.3,0.75,0.75,,20,1.0,0.7736673323227423,0.18164804632782552,33.55,0.195751953125,2.15,,,,shift
oracle__s4__T0.3__tau0.75__sig1.5,oracle,4,0.3,0.75,1.5,,20,0.9961538366525632,0.7968997116630168,0.2617288706235613,41.8,0.265625,1.5,,,,shift
oracle__s4__T0.3__tau0.75__sig3,oracle,4,0.3,0.75,3.0,,20,0.9664473989511764,0.7778654994333799,0.27779854349265964,49.15,0.300390625,1.3,,,,shift
oracle__s0__T0.5__tau0.75__sig0.75,oracle,0,0.5,0.75,0.75,,20,1.0,0.7876004168301417,0.19661587841703676,33.05,0.210302734375,1.95,,,,shift
oracle__s0__T0.5__tau0.75__sig1.5,oracle,0,0.5,0.75,1.5,,20,0.9845253343985838,0.813300805481183,0.27526796827756006,39.35,0.274462890625,1.4,,,,shift
oracle__s0__T0.5__tau0.75__sig3,oracle,0,0.5,0.75,3.0,,20,0.9373180903832757,0.7820369361858838,0.281243846295559,48.95,0.303173828125,1.05,,,,shift
oracle__s1__T0.5__tau0.75__sig0.75,oracle,1,0.5,0.75,0.75,,20,1.0,0.7835425139001895,0.18020743347840967,31.25,0.196044921875,2.65,,,,shift
oracle__s1__T0.5__tau0.75__sig1.5,oracle,1,0.5,0.75,1.5,,20,0.9967353686762923,0.8074044108611401,0.25709903215092567,38.55,0.26259765625,1.7,,,,shift
oracle__s1__T0.5__tau0.75__sig3,oracle,1,0.5,0.75,3.0,,20,0.9621295715582207,0.7751051916902961,0.2677482597230013,48.7,0.2953125,1.6,,,,shift
oracle__s2__T0.5__tau0.75__sig0.75,oracle,2,0.5,0.75,0.75,,20,1.0,0.7888240058535141,0.18620412041573015,31.2,0.200390625,2.2,,,,shift
oracle__s2__T0.5__tau0.75__sig1.5,oracle,2,0.5,0.75,1.5,,20,0.9760064834167042,0.796490376407076,0.2591932234784634,41.2,0.2685546875,1.75,,,,shift
oracle__s2__T0.5__tau0.75__sig3,oracle,2,0.5,0.75,3.0,,20,0.9471680830528413,0.7728032128838251,0.2688153391856397,49.65,0.29794921875,1.35,,,,shift
oracle__s3__T0.5__tau0.75__sig0.75,oracle,3,0.5,0.75,0.75,,20,1.0,0.7839562280963339,0.18860290685985442,32.6,0.203515625,2.05,,,,shift
oracle__s3__T0.5__tau0.75__sig1.5,oracle,3,0.5,0.75,1.5,,20,0.9917335547628303,0.8079317247190889,0.2647077825605905,39.2,0.26962890625,1.65,,,,shift
oracle__s3__T0.5__tau0.75__sig3,oracle,3,0.5,0.75,3.0,,20,0.9633339385757343,0.7712850667553492,0.2745190119741772,51.3,0.3037109375,1.0,,,,shift
oracle__s4__T0.5__tau0.75__sig0.75,oracle,4,0.5,0.75,0.75,,20,1.0,0.7896336527460521,0.18172755454127304,30.6,0.196923828125,2.45,,,,shift
oracle__s4__T0.5__tau0.75__sig1.5,oracle,4,0.5,0.75,1.5,,20,0.9955044808992177,0.8056991793930818,0.2615346796826116,39.75,0.27021484375,1.8,,,,shift
oracle__s4__T0.5__tau0.75__sig3,oracle,4,0.5,0.75,3.0,,20,0.9688062045431873,0.7857270874654344,0.2785457065683184,47.15,0.301220703125,1.4,,,,shift
oracle__s0__T1__tau0.75__sig0.75,oracle,0,1.0,0.75,0.75,,20,1.0,0.7994619652542273,0.1966137676856738,30.7,0.217626953125,2.15,,,,shift
oracle__s0__T1__tau0.75__sig1.5,oracle,0,1.0,0.75,1.5,,20,0.9777630828011319,0.8286187229308604,0.27293073527061196,35.3,0.276611328125,1.65,,,,shift
oracle__s0__T1__tau0.75__sig3,oracle,0,1.0,0.75,3.0,,20,0.9197302252945494,0.7990017322334044,0.2757429541483401,43.2,0.301953125,1.45,,,,shift
oracle__s1__T1__tau0.75__sig0.75,oracle,1,1.0,0.75,0.75,,20,1.0,0.7937165773475571,0.1802073328421188,29.7,0.19765625,2.5,,,,shift
oracle__s1__T1__tau0.75__sig1.5,oracle,1,1.0,0.75,1.5,,20,0.995622943510773,0.8262192128928408,0.25684507282370106,33.9,0.266259765625,1.9,,,,shift
oracle__s1__T1__tau0.75__sig3,oracle,1,1.0,0.75,3.0,,20,0.96209860247361,0.7946507323890042,0.2678330383502526,43.1,0.295068359375,1.5,,,,shift
oracle__s2__T1__tau0.75__sig0.75,oracle,2,1.0,0.75,0.75,,20,1.0,0.7938167434802261,0.1861918794855356,30.6,0.2048828125,2.25,,,,shift
oracle__s2__T1__tau0.75__sig1.5,oracle,2,1.0,0.75,1.5,,20,0.97617588213596,0.8139382644735667,0.25913688651663114,37.05,0.26943359375,2.05,,,,shift
oracle__s2__T1__tau0.75__sig3,oracle,2,1.0,0.75,3.0,,20,0.9355330450133857,0.7887406867531952,0.2653081218670118,44.55,0.29423828125,1.45,,,,shift
oracle__s3__T1__tau0.75__sig0.75,oracle,3,1.0,0.75,0.75,,20,1.0,0.8033094399808676,0.18861254617737228,29.05,0.2044921875,2.0,,,,shift
oracle__s3__T1__tau0.75__sig1.5,oracle,3,1.0,0.75,1.5,,20,0.9864095212924704,0.8267652952090258,0.2628459436138616,34.75,0.2671875,2.0,,,,shift
oracle__s3__T1__tau0.75__sig3,oracle,3,1.0,0.75,3.0,,20,0.9564761557072418,0.7894431735950707,0.27220456588126807,45.75,0.30380859375,1.45,,,,shift
oracle__s4__T1__tau0.75__sig0.75,oracle,4,1.0,0.75,0.75,,20,1.0,0.8073517860418316,0.18169534669979587,27.35,0.194287109375,1.95,,,,shift
oracle__s4__T1__tau0.75__sig1.5,oracle,4,1.0,0.75,1.5,,20,0.9940511818762593,0.8233578784079523,0.2610414101108679,35.05,0.267138671875,2.1,,,,shift
oracle__s4__T1__tau0.75__sig3,oracle,4,1.0,0.75,3.0,,20,0.9608151405505059,0.8055202606026395,0.27607046552114906,41.2,0.2966796875,1.8,,,,shift
oracle__s0__T2__tau0.75__sig0.75,oracle,0,2.0,0.75,0.75,,20,0.999742268041237,0.8300572002850833,0.19647666756272755,25.2,0.220068359375,2.25,,,,shift
oracle__s0__T2__tau0.75__sig1.5,oracle,0,2.0,0.75,1.5,,20,0.9706342457170614,0.8509776513610211,0.2708175440729075,29.35,0.275244140625,1.7,,,,shift
oracle__s0__T2__tau0.75__sig3,oracle,0,2.0,0.75,3.0,,20,0.9117159281807258,0.821242172304283,0.2727738669105483,36.95,0.2984375,1.5,,,,shift
oracle__s1__T2__tau0.75__sig0.75,oracle,1,2.0,0.75,0.75,,20,1.0,0.830298201669675,0.1801993637022864,23.55,0.196875,2.5,,,,shift
oracle__s1__T2__tau0.75__sig1.5,oracle,1,2.0,0.75,1.5,,20,0.9882145813252403,0.8415918850372831,0.2543257227689534,30.4,0.26162109375,2.25,,,,shift
oracle__s1__T2__tau0.75__sig3,oracle,1,2.0,0.75,3.0,,20,0.9432282087943668,0.8238073150882876,0.26214339746803383,35.0,0.290234375,1.35,,,,shift
oracle__s2__T2__tau0.75__sig0.75,oracle,2,2.0,0.75,0.75,,20,1.0,0.8228920039356927,0.18617052679484453,24.95,0.203076171875,2.4,,,,shift
oracle__s2__T2__tau0.75__sig1.5,oracle,2,2.0,0.75,1.5,,20,0.9629972744499085,0.8333971490840455,0.2546508479685282,31.85,0.269091796875,1.55,,,,shift
oracle__s2__T2__tau0.75__sig3,oracle,2,2.0,0.75,3.0,,20,0.9277493826887939,0.819356336907525,0.2620598259990942,36.25,0.29189453125,1.05,,,,shift
oracle__s3__T2__tau0.75__sig0.75,oracle,3,2.0,0.75,0.75,,20,1.0,0.8274773951006867,0.18861402917984946,24.6,0.2068359375,2.1,,,,shift
oracle__s3__T2__tau0.75__sig1.5,oracle,3,2.0,0.75,1.5,,20,0.9794994746709692,0.8390835654352259,0.26035858030448633,31.45,0.271826171875,2.05,,,,shift
oracle__s3__T2__tau0.75__sig3,oracle,3,2.0,0.75,3.0,,20,0.9303922710081508,0.8145605994299518,0.2640224102585102,38.0,0.299951171875,1.35,,,,shift
oracle__s4__T2__tau0.75__sig0.75,oracle,4,2.0,0.75,0.75,,20,1.0,0.8374802937030236,0.1817087135296605,22.3,0.1951171875,2.35,,,,shift
oracle__s4__T2__tau0.75__sig1.5,oracle,4,2.0,0.75,1.5,,20,0.9824482839857366,0.8351809309673829,0.257315126327407,32.1,0.2685546875,1.55,,,,shift
oracle__s4__T2__tau0.75__sig3,oracle,4,2.0,0.75,3.0,,20,0.9350324046292744,0.8307247097547945,0.26804213571234187,33.8,0.29443359375,1.4,,,,shift
oracle__s0__T3__tau0.75__sig0.75,oracle,0,3.0,0.75,0.75,,20,0.9969072164948454,0.8521865488587428,0.19563042612017464,21.15,0.219140625,2.15,,,,shift
oracle__s0__T3__tau0.75__sig1.5,oracle,0,3.0,0.75,1.5,,20,0.9597933689570569,0.8748874877317954,0.26688882086807897,23.65,0.271142578125,1.75,,,,shift
oracle__s0__T3__tau0.75__sig3,oracle,0,3.0,0.75,3.0,,20,0.8964923696093899,0.8536177145281842,0.2680293836121304,28.45,0.292724609375,1.95,,,,shift
oracle__s1__T3__tau0.75__sig0.75,oracle,1,3.0,0.75,0.75,,20,1.0,0.8489274561768783,0.18024325878280417,20.3,0.203271484375,2.85,,,,shift
oracle__s1__T3__tau0.75__sig1.5,oracle,1,3.0,0.75,1.5,,20,0.9759505665913097,0.8580084014859766,0.2506308267457498,25.95,0.26494140625,2.0,,,,shift
oracle__s1__T3__tau0.75__sig3,oracle,1,3.0,0.75,3.0,,20,0.9207368797161027,0.8407099152430202,0.2549477385319079,30.2,0.288232421875,1.25,,,,shift
oracle__s2__T3__tau0.75__sig0.75,oracle,2,3.0,0.75,0.75,,20,0.9991573033707866,0.8366404168695253,0.18593016514015154,22.85,0.20712890625,2.55,,,,shift
oracle__s2__T3__tau0.75__sig1.5,oracle,2,3.0,0.75,1.5,,20,0.9539381660058958,0.8579784311158136,0.25181736578303643,26.0,0.265087890625,1.75,,,,shift
oracle__s2__T3__tau0.75__sig3,oracle,2,3.0,0.75,3.0,,20,0.8897078588194228,0.8329220747811068,0.2497639941117154,31.65,0.28662109375,1.4,,,,shift
oracle__s3__T3__tau0.75__sig0.75,oracle,3,3.0,0.75,0.75,,20,1.0,0.8470541068198936,0.1886051013114743,21.35,0.210302734375,2.6,,,,shift
oracle__s3__T3__tau0.75__sig1.5,oracle,3,3.0,0.75,1.5,,20,0.9679618502665377,0.8621167261056858,0.256743740163461,25.95,0.26884765625,1.4,,,,shift
oracle__s3__T3__tau0.75__sig3,oracle,3,3.0,0.75,3.0,,20,0.9201836357235511,0.8424812206968628,0.26110476012666667,30.8,0.292822265625,1.35,,,,shift
oracle__s4__T3__tau0.75__sig0.75,oracle,4,3.0,0.75,0.75,,20,1.0,0.8479745178235335,0.18169950508011237,20.7,0.2013671875,2.2,,,,shift
oracle__s4__T3__tau0.75__sig1.5,oracle,4,3.0,0.75,1.5,,20,0.9768925179734987,0.8599662994262116,0.25570149180654217,25.95,0.26689453125,1.65,,,,shift
oracle__s4__T3__tau0.75__sig3,oracle,4,3.0,0.75,3.0,,20,0.9244716344979029,0.8525588722201768,0.26448148880205113,28.3,0.292041015625,1.95,,,,shift
oracle__s0__T4__tau0.75__sig0.75,oracle,0,4.0,0.75,0.75,,20,0.999742268041237,0.8761128445803343,0.19647983766627936,17.3,0.2240234375,2.8,,,,shift
oracle__s0__T4__tau0.75__sig1.5,oracle,0,4.0,0.75,1.5,,20,0.9283855163171669,0.884950887742536,0.25658024055682616,20.7,0.266748046875,2.0,,,,shift
oracle__s0__T4__tau0.75__sig3,oracle,0,4.0,0.75,3.0,,20,0.8626635586792453,0.8749292441400952,0.256790954123954,22.85,0.285595703125,1.75,,,,shift
oracle__s1__T4__tau0.75__sig0.75,oracle,1,4.0,0.75,0.75,,20,1.0,0.8772445838490611,0.1802471427623493,15.95,0.205908203125,2.6,,,,shift
oracle__s1__T4__tau0.75__sig1.5,oracle,1,4.0,0.75,1.5,,20,0.9666345027145177,0.8881487869132876,0.24787379721934796,19.4,0.2595703125,2.7,,,,shift
oracle__s1__T4__tau0.75__sig3,oracle,1,4.0,0.75,3.0,,20,0.9048887518395723,0.865309470790109,0.2497995636425117,24.3,0.2802734375,1.55,,,,shift
oracle__s2__T4__tau0.75__sig0.75,oracle,2,4.0,0.75,0.75,,20,0.9980337078651687,0.8746903512216537,0.18558301209962177,16.65,0.207373046875,3.2,,,,shift
oracle__s2__T4__tau0.75__sig1.5,oracle,2,4.0,0.75,1.5,,20,0.9346985743463954,0.8814604460456203,0.24574534847197524,20.5,0.265771484375,1.95,,,,shift
oracle__s2__T4__tau0.75__sig3,oracle,2,4.0,0.75,3.0,,20,0.8787218335049785,0.8643489641892126,0.24667031988476446,24.4,0.282763671875,2.15,,,,shift
oracle__s3__T4__tau0.75__sig0.75,oracle,3,4.0,0.75,0.75,,20,0.9985380116959064,0.8788695802068345,0.18820037218534186,16.1,0.208984375,2.45,,,,shift
oracle__s3__T4__tau0.75__sig1.5,oracle,3,4.0,0.75,1.5,,20,0.9557660625921729,0.8826921900609994,0.2528213060537451,21.15,0.268408203125,2.1,,,,shift
oracle__s3__T4__tau0.75__sig3,oracle,3,4.0,0.75,3.0,,20,0.8880401669580777,0.8729894272084042,0.2511130985734793,23.1,0.287548828125,1.55,,,,shift
oracle__s4__T4__tau0.75__sig0.75,oracle,4,4.0,0.75,0.75,,20,1.0,0.875963414250385,0.18173416242679358,16.3,0.2048828125,2.8,,,,shift
oracle__s4__T4__tau0.75__sig1.5,oracle,4,4.0,0.75,1.5,,20,0.9585039564913362,0.8859876970894478,0.24996695233432784,20.05,0.26103515625,2.6,,,,shift
oracle__s4__T4__tau0.75__sig3,oracle,4,4.0,0.75,3.0,,20,0.8828960975639755,0.8712046290648555,0.2513949837689855,23.15,0.284326171875,1.9,,,,shift
